01.01.2019 00:00;0,104
01.01.2019 00:15;0,12
01.01.2019 00:30;0,216
01.01.2019 00:45;0,204
01.01.2019 01:00;0,092
01.01.2019 01:15;0,088
01.01.2019 01:30;0,112
01.01.2019 01:45;0,14
01.01.2019 02:00;0,1
01.01.2019 02:15;0,124
01.01.2019 02:30;0,12
01.01.2019 02:45;0,148
01.01.2019 03:00;0,08
01.01.2019 03:15;0,088
01.01.2019 03:30;0,076
01.01.2019 03:45;0,148
01.01.2019 04:00;0,148
01.01.2019 04:15;0,116
01.01.2019 04:30;0,08
01.01.2019 04:45;0,116
01.01.2019 05:00;0,112
01.01.2019 05:15;0,084
01.01.2019 05:30;0,088
01.01.2019 05:45;0,144
01.01.2019 06:00;0,168
01.01.2019 06:15;0,072
01.01.2019 06:30;0,076
01.01.2019 06:45;0,104
01.01.2019 07:00;0,152
01.01.2019 07:15;0,08
01.01.2019 07:30;0,136
01.01.2019 07:45;0,136
01.01.2019 08:00;0,256
01.01.2019 08:15;0,476
01.01.2019 08:30;0,208
01.01.2019 08:45;0,216
01.01.2019 09:00;0,54
01.01.2019 09:15;1,972
01.01.2019 09:30;1,524
01.01.2019 09:45;0,428
01.01.2019 10:00;0,888
01.01.2019 10:15;0,424
01.01.2019 10:30;0,244
01.01.2019 10:45;0,26
01.01.2019 11:00;0,228
01.01.2019 11:15;0,292
01.01.2019 11:30;0,096
01.01.2019 11:45;0,088
01.01.2019 12:00;0,092
01.01.2019 12:15;0,16
01.01.2019 12:30;0,144
01.01.2019 12:45;0,1
01.01.2019 13:00;0,068
01.01.2019 13:15;0,108
01.01.2019 13:30;0,12
01.01.2019 13:45;0,076
01.01.2019 14:00;0,112
01.01.2019 14:15;0,124
01.01.2019 14:30;0,152
01.01.2019 14:45;0,08
01.01.2019 15:00;0,072
01.01.2019 15:15;0,08
01.01.2019 15:30;0,136
01.01.2019 15:45;0,116
01.01.2019 16:00;0,124
01.01.2019 16:15;0,176
01.01.2019 16:30;0,304
01.01.2019 16:45;0,28
01.01.2019 17:00;0,692
01.01.2019 17:15;0,372
01.01.2019 17:30;0,428
01.01.2019 17:45;0,568
01.01.2019 18:00;0,588
01.01.2019 18:15;0,568
01.01.2019 18:30;0,808
01.01.2019 18:45;0,78
01.01.2019 19:00;0,62
01.01.2019 19:15;0,824
01.01.2019 19:30;1,512
01.01.2019 19:45;1,62
01.01.2019 20:00;1,452
01.01.2019 20:15;0,688
01.01.2019 20:30;0,452
01.01.2019 20:45;0,504
01.01.2019 21:00;0,536
01.01.2019 21:15;0,488
01.01.2019 21:30;0,432
01.01.2019 21:45;0,448
01.01.2019 22:00;0,464
01.01.2019 22:15;0,16
01.01.2019 22:30;1,176
01.01.2019 22:45;1,76
01.01.2019 23:00;1,244
01.01.2019 23:15;0,62
01.01.2019 23:30;0,532
01.01.2019 23:45;0,34
02.01.2019 00:00;0,368
02.01.2019 00:15;0,28
02.01.2019 00:30;0,26
02.01.2019 00:45;0,716
02.01.2019 01:00;0,288
02.01.2019 01:15;0,152
02.01.2019 01:30;0,08
02.01.2019 01:45;0,08
02.01.2019 02:00;0,108
02.01.2019 02:15;0,128
02.01.2019 02:30;0,124
02.01.2019 02:45;0,132
02.01.2019 03:00;0,084
02.01.2019 03:15;0,14
02.01.2019 03:30;0,08
02.01.2019 03:45;0,08
02.01.2019 04:00;0,08
02.01.2019 04:15;0,176
02.01.2019 04:30;0,152
02.01.2019 04:45;0,088
02.01.2019 05:00;0,076
02.01.2019 05:15;0,112
02.01.2019 05:30;0,112
02.01.2019 05:45;0,08
02.01.2019 06:00;0,092
02.01.2019 06:15;0,144
02.01.2019 06:30;0,156
02.01.2019 06:45;0,084
02.01.2019 07:00;0,068
02.01.2019 07:15;0,084
02.01.2019 07:30;0,136
02.01.2019 07:45;0,116
02.01.2019 08:00;0,12
02.01.2019 08:15;0,108
02.01.2019 08:30;0,512
02.01.2019 08:45;0,356
02.01.2019 09:00;0,372
02.01.2019 09:15;1,548
02.01.2019 09:30;0,212
02.01.2019 09:45;0,312
02.01.2019 10:00;1,18
02.01.2019 10:15;0,7
02.01.2019 10:30;0,112
02.01.2019 10:45;0,232
02.01.2019 11:00;0,212
02.01.2019 11:15;0,464
02.01.2019 11:30;0,3
02.01.2019 11:45;0,776
02.01.2019 12:00;0,84
02.01.2019 12:15;0,604
02.01.2019 12:30;0,36
02.01.2019 12:45;0,336
02.01.2019 13:00;0,156
02.01.2019 13:15;0,088
02.01.2019 13:30;0,08
02.01.2019 13:45;0,144
02.01.2019 14:00;0,092
02.01.2019 14:15;0,104
02.01.2019 14:30;0,464
02.01.2019 14:45;1,3
02.01.2019 15:00;1,736
02.01.2019 15:15;0,664
02.01.2019 15:30;0,732
02.01.2019 15:45;0,432
02.01.2019 16:00;0,348
02.01.2019 16:15;0,4
02.01.2019 16:30;0,424
02.01.2019 16:45;0,532
02.01.2019 17:00;0,448
02.01.2019 17:15;0,336
02.01.2019 17:30;0,392
02.01.2019 17:45;0,456
02.01.2019 18:00;0,428
02.01.2019 18:15;0,376
02.01.2019 18:30;0,456
02.01.2019 18:45;0,272
02.01.2019 19:00;0,276
02.01.2019 19:15;0,244
02.01.2019 19:30;0,252
02.01.2019 19:45;0,732
02.01.2019 20:00;1,852
02.01.2019 20:15;1,204
02.01.2019 20:30;0,368
02.01.2019 20:45;0,412
02.01.2019 21:00;0,392
02.01.2019 21:15;0,364
02.01.2019 21:30;0,296
02.01.2019 21:45;0,436
02.01.2019 22:00;0,62
02.01.2019 22:15;0,112
02.01.2019 22:30;0,084
02.01.2019 22:45;0,12
02.01.2019 23:00;0,128
02.01.2019 23:15;0,08
02.01.2019 23:30;0,124
02.01.2019 23:45;0,148
03.01.2019 00:00;0,132
03.01.2019 00:15;0,08
03.01.2019 00:30;0,084
03.01.2019 00:45;0,084
03.01.2019 01:00;0,14
03.01.2019 01:15;0,116
03.01.2019 01:30;0,112
03.01.2019 01:45;0,104
03.01.2019 02:00;0,144
03.01.2019 02:15;0,084
03.01.2019 02:30;0,08
03.01.2019 02:45;0,08
03.01.2019 03:00;0,136
03.01.2019 03:15;0,148
03.01.2019 03:30;0,12
03.01.2019 03:45;0,084
03.01.2019 04:00;0,108
03.01.2019 04:15;0,116
03.01.2019 04:30;0,08
03.01.2019 04:45;0,072
03.01.2019 05:00;0,14
03.01.2019 05:15;0,16
03.01.2019 05:30;0,104
03.01.2019 05:45;0,076
03.01.2019 06:00;0,092
03.01.2019 06:15;0,132
03.01.2019 06:30;0,08
03.01.2019 06:45;0,116
03.01.2019 07:00;0,136
03.01.2019 07:15;0,216
03.01.2019 07:30;0,112
03.01.2019 07:45;0,156
03.01.2019 08:00;0,424
03.01.2019 08:15;0,14
03.01.2019 08:30;0,096
03.01.2019 08:45;0,476
03.01.2019 09:00;0,128
03.01.2019 09:15;0,192
03.01.2019 09:30;0,132
03.01.2019 09:45;0,08
03.01.2019 10:00;0,076
03.01.2019 10:15;0,104
03.01.2019 10:30;0,14
03.01.2019 10:45;0,124
03.01.2019 11:00;0,128
03.01.2019 11:15;1,064
03.01.2019 11:30;0,288
03.01.2019 11:45;0,08
03.01.2019 12:00;0,076
03.01.2019 12:15;0,108
03.01.2019 12:30;1,292
03.01.2019 12:45;0,436
03.01.2019 13:00;0,1
03.01.2019 13:15;0,084
03.01.2019 13:30;0,12
03.01.2019 13:45;0,108
03.01.2019 14:00;0,08
03.01.2019 14:15;0,092
03.01.2019 14:30;0,196
03.01.2019 14:45;0,152
03.01.2019 15:00;0,08
03.01.2019 15:15;0,08
03.01.2019 15:30;0,412
03.01.2019 15:45;0,208
03.01.2019 16:00;0,216
03.01.2019 16:15;0,244
03.01.2019 16:30;0,264
03.01.2019 16:45;0,272
03.01.2019 17:00;0,212
03.01.2019 17:15;0,208
03.01.2019 17:30;0,436
03.01.2019 17:45;0,772
03.01.2019 18:00;1
03.01.2019 18:15;1,912
03.01.2019 18:30;0,596
03.01.2019 18:45;2,028
03.01.2019 19:00;3,12
03.01.2019 19:15;0,86
03.01.2019 19:30;0,312
03.01.2019 19:45;0,52
03.01.2019 20:00;1,052
03.01.2019 20:15;1,872
03.01.2019 20:30;0,724
03.01.2019 20:45;0,324
03.01.2019 21:00;0,348
03.01.2019 21:15;0,24
03.01.2019 21:30;0,22
03.01.2019 21:45;0,232
03.01.2019 22:00;0,456
03.01.2019 22:15;0,108
03.01.2019 22:30;0,092
03.01.2019 22:45;0,084
03.01.2019 23:00;0,132
03.01.2019 23:15;0,124
03.01.2019 23:30;0,124
03.01.2019 23:45;0,108
04.01.2019 00:00;0,104
04.01.2019 00:15;0,12
04.01.2019 00:30;0,08
04.01.2019 00:45;0,064
04.01.2019 01:00;0,124
04.01.2019 01:15;0,172
04.01.2019 01:30;0,112
04.01.2019 01:45;0,08
04.01.2019 02:00;0,08
04.01.2019 02:15;0,144
04.01.2019 02:30;0,08
04.01.2019 02:45;0,068
04.01.2019 03:00;0,12
04.01.2019 03:15;0,176
04.01.2019 03:30;0,1
04.01.2019 03:45;0,08
04.01.2019 04:00;0,076
04.01.2019 04:15;0,108
04.01.2019 04:30;0,112
04.01.2019 04:45;0,096
04.01.2019 05:00;0,112
04.01.2019 05:15;0,14
04.01.2019 05:30;0,12
04.01.2019 05:45;0,08
04.01.2019 06:00;0,28
04.01.2019 06:15;0,304
04.01.2019 06:30;0,54
04.01.2019 06:45;0,748
04.01.2019 07:00;0,736
04.01.2019 07:15;0,7
04.01.2019 07:30;0,772
04.01.2019 07:45;0,848
04.01.2019 08:00;0,424
04.01.2019 08:15;1,548
04.01.2019 08:30;0,884
04.01.2019 08:45;0,208
04.01.2019 09:00;0,54
04.01.2019 09:15;0,164
04.01.2019 09:30;0,24
04.01.2019 09:45;0,244
04.01.2019 10:00;0,208
04.01.2019 10:15;0,32
04.01.2019 10:30;0,152
04.01.2019 10:45;0,448
04.01.2019 11:00;0,136
04.01.2019 11:15;0,124
04.01.2019 11:30;0,156
04.01.2019 11:45;0,196
04.01.2019 12:00;0,132
04.01.2019 12:15;0,096
04.01.2019 12:30;0,096
04.01.2019 12:45;0,228
04.01.2019 13:00;0,148
04.01.2019 13:15;0,112
04.01.2019 13:30;0,104
04.01.2019 13:45;0,108
04.01.2019 14:00;0,128
04.01.2019 14:15;0,08
04.01.2019 14:30;0,296
04.01.2019 14:45;0,268
04.01.2019 15:00;0,368
04.01.2019 15:15;0,232
04.01.2019 15:30;1,32
04.01.2019 15:45;0,72
04.01.2019 16:00;0,396
04.01.2019 16:15;0,404
04.01.2019 16:30;0,94
04.01.2019 16:45;1,516
04.01.2019 17:00;0,372
04.01.2019 17:15;0,356
04.01.2019 17:30;0,348
04.01.2019 17:45;0,576
04.01.2019 18:00;0,476
04.01.2019 18:15;0,332
04.01.2019 18:30;0,348
04.01.2019 18:45;0,416
04.01.2019 19:00;0,408
04.01.2019 19:15;0,404
04.01.2019 19:30;0,6
04.01.2019 19:45;0,4
04.01.2019 20:00;1,684
04.01.2019 20:15;2
04.01.2019 20:30;1,164
04.01.2019 20:45;0,272
04.01.2019 21:00;0,28
04.01.2019 21:15;0,276
04.01.2019 21:30;0,284
04.01.2019 21:45;0,296
04.01.2019 22:00;0,26
04.01.2019 22:15;0,276
04.01.2019 22:30;0,164
04.01.2019 22:45;0,088
04.01.2019 23:00;0,096
04.01.2019 23:15;0,156
04.01.2019 23:30;0,136
04.01.2019 23:45;0,124
05.01.2019 00:00;0,104
05.01.2019 00:15;0,144
05.01.2019 00:30;0,072
05.01.2019 00:45;0,084
05.01.2019 01:00;0,1
05.01.2019 01:15;0,184
05.01.2019 01:30;0,128
05.01.2019 01:45;0,1
05.01.2019 02:00;0,092
05.01.2019 02:15;0,14
05.01.2019 02:30;0,084
05.01.2019 02:45;0,08
05.01.2019 03:00;0,112
05.01.2019 03:15;0,18
05.01.2019 03:30;0,108
05.01.2019 03:45;0,076
05.01.2019 04:00;0,08
05.01.2019 04:15;0,144
05.01.2019 04:30;0,08
05.01.2019 04:45;0,108
05.01.2019 05:00;0,12
05.01.2019 05:15;0,18
05.01.2019 05:30;0,1
05.01.2019 05:45;0,076
05.01.2019 06:00;0,072
05.01.2019 06:15;0,132
05.01.2019 06:30;0,096
05.01.2019 06:45;0,1
05.01.2019 07:00;0,728
05.01.2019 07:15;0,372
05.01.2019 07:30;0,3
05.01.2019 07:45;0,456
05.01.2019 08:00;0,208
05.01.2019 08:15;0,244
05.01.2019 08:30;0,32
05.01.2019 08:45;0,28
05.01.2019 09:00;0,172
05.01.2019 09:15;0,116
05.01.2019 09:30;0,12
05.01.2019 09:45;0,072
05.01.2019 10:00;0,076
05.01.2019 10:15;0,444
05.01.2019 10:30;0,128
05.01.2019 10:45;0,132
05.01.2019 11:00;0,216
05.01.2019 11:15;0,108
05.01.2019 11:30;0,136
05.01.2019 11:45;0,08
05.01.2019 12:00;1,544
05.01.2019 12:15;1,652
05.01.2019 12:30;0,66
05.01.2019 12:45;0,252
05.01.2019 13:00;0,16
05.01.2019 13:15;0,08
05.01.2019 13:30;0,376
05.01.2019 13:45;1,084
05.01.2019 14:00;1,452
05.01.2019 14:15;0,152
05.01.2019 14:30;0,196
05.01.2019 14:45;0,196
05.01.2019 15:00;0,124
05.01.2019 15:15;0,124
05.01.2019 15:30;1,14
05.01.2019 15:45;0,86
05.01.2019 16:00;0,572
05.01.2019 16:15;0,656
05.01.2019 16:30;0,316
05.01.2019 16:45;0,312
05.01.2019 17:00;0,24
05.01.2019 17:15;0,196
05.01.2019 17:30;0,496
05.01.2019 17:45;0,3
05.01.2019 18:00;0,284
05.01.2019 18:15;0,32
05.01.2019 18:30;0,296
05.01.2019 18:45;0,336
05.01.2019 19:00;0,248
05.01.2019 19:15;0,22
05.01.2019 19:30;0,24
05.01.2019 19:45;0,404
05.01.2019 20:00;0,544
05.01.2019 20:15;0,628
05.01.2019 20:30;0,516
05.01.2019 20:45;0,528
05.01.2019 21:00;0,652
05.01.2019 21:15;0,324
05.01.2019 21:30;0,328
05.01.2019 21:45;0,368
05.01.2019 22:00;0,36
05.01.2019 22:15;0,28
05.01.2019 22:30;0,288
05.01.2019 22:45;0,276
05.01.2019 23:00;0,32
05.01.2019 23:15;0,176
05.01.2019 23:30;0,116
05.01.2019 23:45;0,132
06.01.2019 00:00;0,16
06.01.2019 00:15;0,084
06.01.2019 00:30;0,076
06.01.2019 00:45;0,08
06.01.2019 01:00;0,132
06.01.2019 01:15;0,104
06.01.2019 01:30;0,112
06.01.2019 01:45;0,12
06.01.2019 02:00;0,136
06.01.2019 02:15;0,092
06.01.2019 02:30;0,08
06.01.2019 02:45;0,072
06.01.2019 03:00;0,116
06.01.2019 03:15;0,128
06.01.2019 03:30;0,108
06.01.2019 03:45;0,116
06.01.2019 04:00;0,112
06.01.2019 04:15;0,12
06.01.2019 04:30;0,068
06.01.2019 04:45;0,076
06.01.2019 05:00;0,092
06.01.2019 05:15;0,144
06.01.2019 05:30;0,12
06.01.2019 05:45;0,128
06.01.2019 06:00;0,092
06.01.2019 06:15;0,164
06.01.2019 06:30;0,132
06.01.2019 06:45;0,176
06.01.2019 07:00;0,164
06.01.2019 07:15;0,264
06.01.2019 07:30;0,644
06.01.2019 07:45;1,096
06.01.2019 08:00;0,304
06.01.2019 08:15;0,376
06.01.2019 08:30;0,228
06.01.2019 08:45;0,448
06.01.2019 09:00;0,136
06.01.2019 09:15;0,176
06.01.2019 09:30;0,368
06.01.2019 09:45;0,268
06.01.2019 10:00;0,28
06.01.2019 10:15;0,216
06.01.2019 10:30;0,564
06.01.2019 10:45;0,3
06.01.2019 11:00;0,08
06.01.2019 11:15;0,108
06.01.2019 11:30;0,196
06.01.2019 11:45;0,168
06.01.2019 12:00;0,076
06.01.2019 12:15;0,08
06.01.2019 12:30;0,128
06.01.2019 12:45;0,096
06.01.2019 13:00;0,08
06.01.2019 13:15;0,12
06.01.2019 13:30;0,176
06.01.2019 13:45;0,124
06.01.2019 14:00;0,08
06.01.2019 14:15;0,076
06.01.2019 14:30;0,124
06.01.2019 14:45;0,1
06.01.2019 15:00;0,084
06.01.2019 15:15;1,016
06.01.2019 15:30;1,58
06.01.2019 15:45;0,316
06.01.2019 16:00;0,3
06.01.2019 16:15;1,464
06.01.2019 16:30;1,748
06.01.2019 16:45;0,488
06.01.2019 17:00;0,844
06.01.2019 17:15;0,472
06.01.2019 17:30;0,496
06.01.2019 17:45;0,428
06.01.2019 18:00;0,596
06.01.2019 18:15;0,688
06.01.2019 18:30;0,4
06.01.2019 18:45;0,432
06.01.2019 19:00;0,96
06.01.2019 19:15;0,6
06.01.2019 19:30;0,42
06.01.2019 19:45;0,408
06.01.2019 20:00;0,416
06.01.2019 20:15;1,04
06.01.2019 20:30;1,172
06.01.2019 20:45;0,688
06.01.2019 21:00;0,5
06.01.2019 21:15;1,836
06.01.2019 21:30;1,252
06.01.2019 21:45;0,492
06.01.2019 22:00;0,616
06.01.2019 22:15;0,192
06.01.2019 22:30;0,136
06.01.2019 22:45;0,124
06.01.2019 23:00;0,108
06.01.2019 23:15;0,188
06.01.2019 23:30;0,14
06.01.2019 23:45;0,128
07.01.2019 00:00;0,068
07.01.2019 00:15;0,136
07.01.2019 00:30;0,092
07.01.2019 00:45;0,08
07.01.2019 01:00;0,076
07.01.2019 01:15;0,144
07.01.2019 01:30;0,144
07.01.2019 01:45;0,116
07.01.2019 02:00;0,08
07.01.2019 02:15;0,116
07.01.2019 02:30;0,1
07.01.2019 02:45;0,08
07.01.2019 03:00;0,072
07.01.2019 03:15;0,132
07.01.2019 03:30;0,16
07.01.2019 03:45;0,108
07.01.2019 04:00;0,088
07.01.2019 04:15;0,088
07.01.2019 04:30;0,128
07.01.2019 04:45;0,076
07.01.2019 05:00;0,076
07.01.2019 05:15;0,1
07.01.2019 05:30;0,172
07.01.2019 05:45;0,116
07.01.2019 06:00;0,124
07.01.2019 06:15;0,484
07.01.2019 06:30;0,432
07.01.2019 06:45;0,588
07.01.2019 07:00;0,268
07.01.2019 07:15;0,28
07.01.2019 07:30;0,392
07.01.2019 07:45;0,236
07.01.2019 08:00;0,096
07.01.2019 08:15;0,072
07.01.2019 08:30;0,12
07.01.2019 08:45;0,108
07.01.2019 09:00;0,072
07.01.2019 09:15;0,084
07.01.2019 09:30;0,144
07.01.2019 09:45;0,156
07.01.2019 10:00;0,092
07.01.2019 10:15;0,076
07.01.2019 10:30;0,124
07.01.2019 10:45;0,124
07.01.2019 11:00;0,064
07.01.2019 11:15;0,08
07.01.2019 11:30;0,128
07.01.2019 11:45;0,172
07.01.2019 12:00;0,108
07.01.2019 12:15;0,072
07.01.2019 12:30;0,076
07.01.2019 12:45;0,14
07.01.2019 13:00;0,08
07.01.2019 13:15;0,076
07.01.2019 13:30;0,116
07.01.2019 13:45;0,172
07.01.2019 14:00;0,124
07.01.2019 14:15;0,076
07.01.2019 14:30;0,076
07.01.2019 14:45;0,112
07.01.2019 15:00;0,108
07.01.2019 15:15;0,076
07.01.2019 15:30;0,108
07.01.2019 15:45;0,152
07.01.2019 16:00;0,152
07.01.2019 16:15;0,068
07.01.2019 16:30;0,076
07.01.2019 16:45;0,096
07.01.2019 17:00;0,128
07.01.2019 17:15;0,076
07.01.2019 17:30;0,552
07.01.2019 17:45;0,308
07.01.2019 18:00;0,712
07.01.2019 18:15;0,632
07.01.2019 18:30;0,464
07.01.2019 18:45;0,508
07.01.2019 19:00;0,652
07.01.2019 19:15;0,404
07.01.2019 19:30;0,432
07.01.2019 19:45;0,6
07.01.2019 20:00;0,46
07.01.2019 20:15;0,624
07.01.2019 20:30;0,38
07.01.2019 20:45;0,604
07.01.2019 21:00;0,416
07.01.2019 21:15;0,452
07.01.2019 21:30;0,452
07.01.2019 21:45;0,46
07.01.2019 22:00;0,468
07.01.2019 22:15;0,48
07.01.2019 22:30;0,436
07.01.2019 22:45;0,436
07.01.2019 23:00;0,384
07.01.2019 23:15;0,192
07.01.2019 23:30;0,148
07.01.2019 23:45;0,084
08.01.2019 00:00;0,084
08.01.2019 00:15;0,144
08.01.2019 00:30;0,08
08.01.2019 00:45;0,072
08.01.2019 01:00;0,112
08.01.2019 01:15;0,184
08.01.2019 01:30;0,104
08.01.2019 01:45;0,08
08.01.2019 02:00;0,08
08.01.2019 02:15;0,132
08.01.2019 02:30;0,1
08.01.2019 02:45;0,076
08.01.2019 03:00;0,12
08.01.2019 03:15;0,16
08.01.2019 03:30;0,104
08.01.2019 03:45;0,08
08.01.2019 04:00;0,076
08.01.2019 04:15;0,1
08.01.2019 04:30;0,116
08.01.2019 04:45;0,1
08.01.2019 05:00;0,112
08.01.2019 05:15;0,136
08.01.2019 05:30;0,14
08.01.2019 05:45;0,128
08.01.2019 06:00;0,152
08.01.2019 06:15;0,52
08.01.2019 06:30;0,344
08.01.2019 06:45;0,5
08.01.2019 07:00;0,336
08.01.2019 07:15;0,38
08.01.2019 07:30;0,228
08.01.2019 07:45;0,152
08.01.2019 08:00;0,132
08.01.2019 08:15;0,136
08.01.2019 08:30;0,208
08.01.2019 08:45;0,192
08.01.2019 09:00;0,152
08.01.2019 09:15;0,132
08.01.2019 09:30;0,172
08.01.2019 09:45;0,64
08.01.2019 10:00;0,124
08.01.2019 10:15;0,156
08.01.2019 10:30;0,244
08.01.2019 10:45;0,268
08.01.2019 11:00;0,896
08.01.2019 11:15;0,3
08.01.2019 11:30;0,272
08.01.2019 11:45;0,392
08.01.2019 12:00;0,092
08.01.2019 12:15;0,116
08.01.2019 12:30;0,108
08.01.2019 12:45;0,148
08.01.2019 13:00;0,076
08.01.2019 13:15;0,076
08.01.2019 13:30;0,076
08.01.2019 13:45;0,188
08.01.2019 14:00;0,256
08.01.2019 14:15;0,404
08.01.2019 14:30;0,224
08.01.2019 14:45;0,244
08.01.2019 15:00;0,236
08.01.2019 15:15;0,34
08.01.2019 15:30;0,368
08.01.2019 15:45;0,396
08.01.2019 16:00;0,328
08.01.2019 16:15;0,26
08.01.2019 16:30;0,44
08.01.2019 16:45;0,78
08.01.2019 17:00;1,344
08.01.2019 17:15;1,388
08.01.2019 17:30;0,46
08.01.2019 17:45;0,664
08.01.2019 18:00;0,212
08.01.2019 18:15;0,34
08.01.2019 18:30;0,436
08.01.2019 18:45;1,348
08.01.2019 19:00;1,62
08.01.2019 19:15;1,44
08.01.2019 19:30;1,98
08.01.2019 19:45;0,568
08.01.2019 20:00;0,392
08.01.2019 20:15;0,444
08.01.2019 20:30;0,408
08.01.2019 20:45;0,412
08.01.2019 21:00;0,376
08.01.2019 21:15;0,44
08.01.2019 21:30;1,424
08.01.2019 21:45;1,004
08.01.2019 22:00;0,176
08.01.2019 22:15;0,168
08.01.2019 22:30;0,088
08.01.2019 22:45;0,084
08.01.2019 23:00;0,088
08.01.2019 23:15;0,144
08.01.2019 23:30;0,08
08.01.2019 23:45;0,068
09.01.2019 00:00;0,136
09.01.2019 00:15;0,172
09.01.2019 00:30;0,112
09.01.2019 00:45;0,112
09.01.2019 01:00;0,092
09.01.2019 01:15;0,116
09.01.2019 01:30;0,084
09.01.2019 01:45;0,096
09.01.2019 02:00;0,096
09.01.2019 02:15;0,108
09.01.2019 02:30;0,076
09.01.2019 02:45;0,12
09.01.2019 03:00;0,14
09.01.2019 03:15;0,152
09.01.2019 03:30;0,108
09.01.2019 03:45;0,08
09.01.2019 04:00;0,112
09.01.2019 04:15;0,1
09.01.2019 04:30;0,076
09.01.2019 04:45;0,072
09.01.2019 05:00;0,104
09.01.2019 05:15;0,108
09.01.2019 05:30;0,116
09.01.2019 05:45;0,104
09.01.2019 06:00;0,208
09.01.2019 06:15;0,192
09.01.2019 06:30;0,212
09.01.2019 06:45;0,644
09.01.2019 07:00;0,36
09.01.2019 07:15;0,324
09.01.2019 07:30;0,36
09.01.2019 07:45;0,304
09.01.2019 08:00;0,24
09.01.2019 08:15;0,252
09.01.2019 08:30;0,236
09.01.2019 08:45;0,236
09.01.2019 09:00;0,268
09.01.2019 09:15;0,212
09.01.2019 09:30;0,184
09.01.2019 09:45;0,188
09.01.2019 10:00;0,228
09.01.2019 10:15;0,112
09.01.2019 10:30;0,076
09.01.2019 10:45;0,068
09.01.2019 11:00;0,164
09.01.2019 11:15;0,136
09.01.2019 11:30;0,108
09.01.2019 11:45;0,108
09.01.2019 12:00;0,12
09.01.2019 12:15;0,096
09.01.2019 12:30;0,064
09.01.2019 12:45;0,072
09.01.2019 13:00;0,124
09.01.2019 13:15;0,092
09.01.2019 13:30;0,072
09.01.2019 13:45;0,112
09.01.2019 14:00;0,164
09.01.2019 14:15;0,132
09.01.2019 14:30;0,104
09.01.2019 14:45;0,068
09.01.2019 15:00;0,12
09.01.2019 15:15;0,084
09.01.2019 15:30;0,096
09.01.2019 15:45;0,076
09.01.2019 16:00;0,12
09.01.2019 16:15;0,084
09.01.2019 16:30;0,116
09.01.2019 16:45;0,108
09.01.2019 17:00;0,168
09.01.2019 17:15;0,12
09.01.2019 17:30;0,072
09.01.2019 17:45;0,072
09.01.2019 18:00;0,128
09.01.2019 18:15;0,172
09.01.2019 18:30;0,664
09.01.2019 18:45;0,404
09.01.2019 19:00;0,396
09.01.2019 19:15;0,288
09.01.2019 19:30;0,256
09.01.2019 19:45;0,24
09.01.2019 20:00;0,316
09.01.2019 20:15;0,284
09.01.2019 20:30;0,256
09.01.2019 20:45;0,264
09.01.2019 21:00;0,32
09.01.2019 21:15;0,304
09.01.2019 21:30;0,308
09.01.2019 21:45;0,304
09.01.2019 22:00;0,356
09.01.2019 22:15;0,316
09.01.2019 22:30;0,444
09.01.2019 22:45;0,272
09.01.2019 23:00;0,288
09.01.2019 23:15;0,092
09.01.2019 23:30;0,08
09.01.2019 23:45;0,112
10.01.2019 00:00;0,168
10.01.2019 00:15;0,132
10.01.2019 00:30;0,116
10.01.2019 00:45;0,096
10.01.2019 01:00;0,136
10.01.2019 01:15;0,088
10.01.2019 01:30;0,076
10.01.2019 01:45;0,076
10.01.2019 02:00;0,124
10.01.2019 02:15;0,096
10.01.2019 02:30;0,116
10.01.2019 02:45;0,112
10.01.2019 03:00;0,168
10.01.2019 03:15;0,112
10.01.2019 03:30;0,088
10.01.2019 03:45;0,092
10.01.2019 04:00;0,128
10.01.2019 04:15;0,084
10.01.2019 04:30;0,064
10.01.2019 04:45;0,076
10.01.2019 05:00;0,14
10.01.2019 05:15;0,124
10.01.2019 05:30;0,104
10.01.2019 05:45;0,112
10.01.2019 06:00;0,192
10.01.2019 06:15;0,076
10.01.2019 06:30;0,068
10.01.2019 06:45;0,072
10.01.2019 07:00;0,128
10.01.2019 07:15;0,092
10.01.2019 07:30;0,348
10.01.2019 07:45;1,268
10.01.2019 08:00;1,968
10.01.2019 08:15;0,368
10.01.2019 08:30;0,328
10.01.2019 08:45;0,232
10.01.2019 09:00;0,156
10.01.2019 09:15;0,084
10.01.2019 09:30;0,076
10.01.2019 09:45;0,076
10.01.2019 10:00;0,132
10.01.2019 10:15;0,088
10.01.2019 10:30;0,072
10.01.2019 10:45;0,096
10.01.2019 11:00;0,164
10.01.2019 11:15;0,128
10.01.2019 11:30;0,116
10.01.2019 11:45;0,112
10.01.2019 12:00;0,14
10.01.2019 12:15;0,088
10.01.2019 12:30;0,072
10.01.2019 12:45;0,08
10.01.2019 13:00;0,124
10.01.2019 13:15;0,092
10.01.2019 13:30;0,076
10.01.2019 13:45;0,096
10.01.2019 14:00;0,168
10.01.2019 14:15;0,132
10.01.2019 14:30;0,112
10.01.2019 14:45;0,112
10.01.2019 15:00;0,132
10.01.2019 15:15;0,088
10.01.2019 15:30;0,116
10.01.2019 15:45;0,1
10.01.2019 16:00;0,184
10.01.2019 16:15;0,152
10.01.2019 16:30;0,172
10.01.2019 16:45;0,164
10.01.2019 17:00;0,384
10.01.2019 17:15;0,856
10.01.2019 17:30;0,412
10.01.2019 17:45;0,592
10.01.2019 18:00;0,348
10.01.2019 18:15;1,232
10.01.2019 18:30;0,74
10.01.2019 18:45;0,308
10.01.2019 19:00;0,452
10.01.2019 19:15;0,86
10.01.2019 19:30;0,356
10.01.2019 19:45;1,396
10.01.2019 20:00;1,128
10.01.2019 20:15;0,48
10.01.2019 20:30;0,5
10.01.2019 20:45;0,508
10.01.2019 21:00;0,46
10.01.2019 21:15;0,42
10.01.2019 21:30;0,42
10.01.2019 21:45;0,372
10.01.2019 22:00;0,34
10.01.2019 22:15;0,176
10.01.2019 22:30;0,128
10.01.2019 22:45;0,092
10.01.2019 23:00;0,132
10.01.2019 23:15;0,112
10.01.2019 23:30;0,088
10.01.2019 23:45;0,076
11.01.2019 00:00;0,136
11.01.2019 00:15;0,1
11.01.2019 00:30;0,124
11.01.2019 00:45;0,12
11.01.2019 01:00;0,172
11.01.2019 01:15;0,124
11.01.2019 01:30;0,084
11.01.2019 01:45;0,084
11.01.2019 02:00;0,136
11.01.2019 02:15;0,104
11.01.2019 02:30;0,072
11.01.2019 02:45;0,084
11.01.2019 03:00;0,144
11.01.2019 03:15;0,132
11.01.2019 03:30;0,124
11.01.2019 03:45;0,12
11.01.2019 04:00;0,148
11.01.2019 04:15;0,1
11.01.2019 04:30;0,076
11.01.2019 04:45;0,08
11.01.2019 05:00;0,132
11.01.2019 05:15;0,092
11.01.2019 05:30;0,084
11.01.2019 05:45;0,096
11.01.2019 06:00;0,172
11.01.2019 06:15;0,168
11.01.2019 06:30;0,316
11.01.2019 06:45;0,516
11.01.2019 07:00;0,276
11.01.2019 07:15;0,276
11.01.2019 07:30;0,276
11.01.2019 07:45;0,168
11.01.2019 08:00;0,116
11.01.2019 08:15;0,092
11.01.2019 08:30;0,12
11.01.2019 08:45;0,116
11.01.2019 09:00;0,164
11.01.2019 09:15;0,124
11.01.2019 09:30;0,08
11.01.2019 09:45;0,072
11.01.2019 10:00;0,124
11.01.2019 10:15;0,1
11.01.2019 10:30;0,08
11.01.2019 10:45;0,076
11.01.2019 11:00;0,152
11.01.2019 11:15;0,148
11.01.2019 11:30;0,112
11.01.2019 11:45;0,116
11.01.2019 12:00;0,128
11.01.2019 12:15;0,108
11.01.2019 12:30;0,08
11.01.2019 12:45;0,076
11.01.2019 13:00;0,112
11.01.2019 13:15;0,112
11.01.2019 13:30;0,072
11.01.2019 13:45;0,104
11.01.2019 14:00;0,156
11.01.2019 14:15;0,148
11.01.2019 14:30;0,116
11.01.2019 14:45;0,088
11.01.2019 15:00;0,116
11.01.2019 15:15;0,112
11.01.2019 15:30;0,076
11.01.2019 15:45;0,104
11.01.2019 16:00;0,204
11.01.2019 16:15;0,204
11.01.2019 16:30;0,688
11.01.2019 16:45;2,624
11.01.2019 17:00;1,668
11.01.2019 17:15;0,592
11.01.2019 17:30;0,52
11.01.2019 17:45;0,52
11.01.2019 18:00;0,692
11.01.2019 18:15;2,588
11.01.2019 18:30;0,808
11.01.2019 18:45;1,004
11.01.2019 19:00;0,484
11.01.2019 19:15;1,848
11.01.2019 19:30;1,368
11.01.2019 19:45;0,316
11.01.2019 20:00;0,212
11.01.2019 20:15;0,208
11.01.2019 20:30;0,196
11.01.2019 20:45;0,22
11.01.2019 21:00;0,192
11.01.2019 21:15;0,744
11.01.2019 21:30;0,16
11.01.2019 21:45;0,172
11.01.2019 22:00;0,128
11.01.2019 22:15;0,16
11.01.2019 22:30;0,212
11.01.2019 22:45;0,216
11.01.2019 23:00;0,388
11.01.2019 23:15;0,388
11.01.2019 23:30;0,4
11.01.2019 23:45;0,372
12.01.2019 00:00;0,16
12.01.2019 00:15;0,128
12.01.2019 00:30;0,18
12.01.2019 00:45;0,14
12.01.2019 01:00;0,128
12.01.2019 01:15;0,144
12.01.2019 01:30;0,216
12.01.2019 01:45;0,18
12.01.2019 02:00;0,168
12.01.2019 02:15;0,164
12.01.2019 02:30;0,192
12.01.2019 02:45;0,14
12.01.2019 03:00;0,12
12.01.2019 03:15;0,128
12.01.2019 03:30;0,188
12.01.2019 03:45;0,132
12.01.2019 04:00;0,132
12.01.2019 04:15;0,12
12.01.2019 04:30;0,216
12.01.2019 04:45;0,176
12.01.2019 05:00;0,156
12.01.2019 05:15;0,168
12.01.2019 05:30;0,2
12.01.2019 05:45;0,136
12.01.2019 06:00;0,124
12.01.2019 06:15;0,128
12.01.2019 06:30;0,38
12.01.2019 06:45;0,372
12.01.2019 07:00;2,764
12.01.2019 07:15;0,64
12.01.2019 07:30;0,384
12.01.2019 07:45;0,46
12.01.2019 08:00;0,264
12.01.2019 08:15;0,296
12.01.2019 08:30;0,372
12.01.2019 08:45;0,708
12.01.2019 09:00;0,112
12.01.2019 09:15;0,132
12.01.2019 09:30;0,152
12.01.2019 09:45;0,22
12.01.2019 10:00;0,24
12.01.2019 10:15;0,288
12.01.2019 10:30;0,228
12.01.2019 10:45;0,176
12.01.2019 11:00;0,34
12.01.2019 11:15;0,44
12.01.2019 11:30;0,44
12.01.2019 11:45;0,884
12.01.2019 12:00;0,388
12.01.2019 12:15;0,64
12.01.2019 12:30;0,28
12.01.2019 12:45;0,244
12.01.2019 13:00;0,224
12.01.2019 13:15;0,204
12.01.2019 13:30;0,16
12.01.2019 13:45;0,116
12.01.2019 14:00;0,12
12.01.2019 14:15;0,148
12.01.2019 14:30;0,196
12.01.2019 14:45;0,16
12.01.2019 15:00;0,14
12.01.2019 15:15;0,128
12.01.2019 15:30;0,156
12.01.2019 15:45;0,124
12.01.2019 16:00;0,088
12.01.2019 16:15;0,104
12.01.2019 16:30;0,152
12.01.2019 16:45;0,116
12.01.2019 17:00;0,156
12.01.2019 17:15;0,648
12.01.2019 17:30;0,332
12.01.2019 17:45;0,316
12.01.2019 18:00;0,284
12.01.2019 18:15;0,152
12.01.2019 18:30;0,168
12.01.2019 18:45;1,012
12.01.2019 19:00;1,132
12.01.2019 19:15;0,332
12.01.2019 19:30;1,348
12.01.2019 19:45;1,828
12.01.2019 20:00;0,328
12.01.2019 20:15;0,712
12.01.2019 20:30;0,624
12.01.2019 20:45;0,424
12.01.2019 21:00;0,404
12.01.2019 21:15;0,4
12.01.2019 21:30;0,436
12.01.2019 21:45;1,248
12.01.2019 22:00;0,496
12.01.2019 22:15;0,504
12.01.2019 22:30;0,236
12.01.2019 22:45;0,304
12.01.2019 23:00;0,324
12.01.2019 23:15;0,144
12.01.2019 23:30;0,072
12.01.2019 23:45;0,14
13.01.2019 00:00;0,176
13.01.2019 00:15;0,108
13.01.2019 00:30;0,116
13.01.2019 00:45;0,136
13.01.2019 01:00;0,12
13.01.2019 01:15;0,076
13.01.2019 01:30;0,068
13.01.2019 01:45;0,116
13.01.2019 02:00;0,108
13.01.2019 02:15;0,072
13.01.2019 02:30;0,076
13.01.2019 02:45;0,14
13.01.2019 03:00;0,14
13.01.2019 03:15;0,112
13.01.2019 03:30;0,104
13.01.2019 03:45;0,164
13.01.2019 04:00;0,104
13.01.2019 04:15;0,076
13.01.2019 04:30;0,072
13.01.2019 04:45;0,124
13.01.2019 05:00;0,088
13.01.2019 05:15;0,076
13.01.2019 05:30;0,072
13.01.2019 05:45;0,308
13.01.2019 06:00;0,72
13.01.2019 06:15;0,332
13.01.2019 06:30;0,44
13.01.2019 06:45;0,376
13.01.2019 07:00;0,316
13.01.2019 07:15;0,28
13.01.2019 07:30;0,244
13.01.2019 07:45;0,304
13.01.2019 08:00;0,316
13.01.2019 08:15;0,248
13.01.2019 08:30;0,34
13.01.2019 08:45;0,316
13.01.2019 09:00;0,22
13.01.2019 09:15;0,18
13.01.2019 09:30;0,448
13.01.2019 09:45;0,608
13.01.2019 10:00;1,968
13.01.2019 10:15;1,796
13.01.2019 10:30;1,344
13.01.2019 10:45;1,016
13.01.2019 11:00;0,868
13.01.2019 11:15;1,572
13.01.2019 11:30;1,064
13.01.2019 11:45;1,592
13.01.2019 12:00;0,316
13.01.2019 12:15;0,18
13.01.2019 12:30;0,88
13.01.2019 12:45;1,712
13.01.2019 13:00;1,304
13.01.2019 13:15;0,28
13.01.2019 13:30;0,312
13.01.2019 13:45;0,34
13.01.2019 14:00;0,288
13.01.2019 14:15;0,264
13.01.2019 14:30;0,636
13.01.2019 14:45;0,384
13.01.2019 15:00;1,316
13.01.2019 15:15;0,416
13.01.2019 15:30;0,304
13.01.2019 15:45;0,336
13.01.2019 16:00;0,412
13.01.2019 16:15;0,652
13.01.2019 16:30;0,64
13.01.2019 16:45;0,5
13.01.2019 17:00;0,296
13.01.2019 17:15;0,392
13.01.2019 17:30;0,492
13.01.2019 17:45;0,536
13.01.2019 18:00;0,48
13.01.2019 18:15;0,468
13.01.2019 18:30;0,584
13.01.2019 18:45;0,576
13.01.2019 19:00;0,624
13.01.2019 19:15;0,912
13.01.2019 19:30;0,952
13.01.2019 19:45;0,588
13.01.2019 20:00;0,568
13.01.2019 20:15;0,292
13.01.2019 20:30;0,312
13.01.2019 20:45;0,376
13.01.2019 21:00;0,308
13.01.2019 21:15;0,268
13.01.2019 21:30;0,236
13.01.2019 21:45;0,296
13.01.2019 22:00;0,272
13.01.2019 22:15;0,588
13.01.2019 22:30;0,364
13.01.2019 22:45;0,22
13.01.2019 23:00;0,136
13.01.2019 23:15;0,128
13.01.2019 23:30;0,12
13.01.2019 23:45;0,16
14.01.2019 00:00;0,124
14.01.2019 00:15;0,084
14.01.2019 00:30;0,068
14.01.2019 00:45;0,136
14.01.2019 01:00;0,1
14.01.2019 01:15;0,068
14.01.2019 01:30;0,08
14.01.2019 01:45;0,132
14.01.2019 02:00;0,096
14.01.2019 02:15;0,124
14.01.2019 02:30;0,12
14.01.2019 02:45;0,168
14.01.2019 03:00;0,124
14.01.2019 03:15;0,112
14.01.2019 03:30;0,08
14.01.2019 03:45;0,116
14.01.2019 04:00;0,1
14.01.2019 04:15;0,08
14.01.2019 04:30;0,068
14.01.2019 04:45;0,132
14.01.2019 05:00;0,096
14.01.2019 05:15;0,068
14.01.2019 05:30;0,108
14.01.2019 05:45;0,16
14.01.2019 06:00;0,144
14.01.2019 06:15;0,164
14.01.2019 06:30;0,124
14.01.2019 06:45;0,2
14.01.2019 07:00;0,312
14.01.2019 07:15;0,812
14.01.2019 07:30;0,408
14.01.2019 07:45;0,384
14.01.2019 08:00;0,404
14.01.2019 08:15;0,192
14.01.2019 08:30;0,552
14.01.2019 08:45;0,316
14.01.2019 09:00;0,14
14.01.2019 09:15;0,116
14.01.2019 09:30;0,156
14.01.2019 09:45;0,248
14.01.2019 10:00;0,104
14.01.2019 10:15;0,068
14.01.2019 10:30;0,08
14.01.2019 10:45;0,124
14.01.2019 11:00;0,1
14.01.2019 11:15;0,068
14.01.2019 11:30;0,072
14.01.2019 11:45;0,192
14.01.2019 12:00;0,144
14.01.2019 12:15;0,108
14.01.2019 12:30;0,108
14.01.2019 12:45;0,168
14.01.2019 13:00;0,092
14.01.2019 13:15;0,076
14.01.2019 13:30;0,08
14.01.2019 13:45;0,128
14.01.2019 14:00;0,096
14.01.2019 14:15;0,068
14.01.2019 14:30;0,08
14.01.2019 14:45;0,124
14.01.2019 15:00;0,132
14.01.2019 15:15;0,12
14.01.2019 15:30;0,108
14.01.2019 15:45;0,164
14.01.2019 16:00;0,132
14.01.2019 16:15;0,092
14.01.2019 16:30;0,08
14.01.2019 16:45;0,124
14.01.2019 17:00;0,1
14.01.2019 17:15;0,068
14.01.2019 17:30;0,076
14.01.2019 17:45;0,124
14.01.2019 18:00;0,472
14.01.2019 18:15;0,228
14.01.2019 18:30;0,292
14.01.2019 18:45;0,628
14.01.2019 19:00;0,464
14.01.2019 19:15;0,312
14.01.2019 19:30;0,436
14.01.2019 19:45;0,292
14.01.2019 20:00;1,332
14.01.2019 20:15;1,144
14.01.2019 20:30;0,428
14.01.2019 20:45;0,46
14.01.2019 21:00;0,42
14.01.2019 21:15;0,364
14.01.2019 21:30;0,364
14.01.2019 21:45;0,412
14.01.2019 22:00;0,236
14.01.2019 22:15;0,184
14.01.2019 22:30;0,132
14.01.2019 22:45;0,176
14.01.2019 23:00;0,124
14.01.2019 23:15;0,092
14.01.2019 23:30;0,076
14.01.2019 23:45;0,132
15.01.2019 00:00;0,1
15.01.2019 00:15;0,088
15.01.2019 00:30;0,104
15.01.2019 00:45;0,116
15.01.2019 01:00;0,128
15.01.2019 01:15;0,124
15.01.2019 01:30;0,124
15.01.2019 01:45;0,156
15.01.2019 02:00;0,148
15.01.2019 02:15;0,088
15.01.2019 02:30;0,084
15.01.2019 02:45;0,124
15.01.2019 03:00;0,1
15.01.2019 03:15;0,084
15.01.2019 03:30;0,108
15.01.2019 03:45;0,116
15.01.2019 04:00;0,112
15.01.2019 04:15;0,092
15.01.2019 04:30;0,112
15.01.2019 04:45;0,16
15.01.2019 05:00;0,148
15.01.2019 05:15;0,112
15.01.2019 05:30;0,108
15.01.2019 05:45;0,12
15.01.2019 06:00;0,112
15.01.2019 06:15;0,852
15.01.2019 06:30;0,492
15.01.2019 06:45;0,548
15.01.2019 07:00;0,612
15.01.2019 07:15;0,524
15.01.2019 07:30;0,64
15.01.2019 07:45;0,6
15.01.2019 08:00;0,7
15.01.2019 08:15;0,42
15.01.2019 08:30;0,4
15.01.2019 08:45;0,472
15.01.2019 09:00;0,444
15.01.2019 09:15;0,376
15.01.2019 09:30;0,592
15.01.2019 09:45;0,268
15.01.2019 10:00;0,676
15.01.2019 10:15;0,18
15.01.2019 10:30;0,22
15.01.2019 10:45;0,28
15.01.2019 11:00;0,256
15.01.2019 11:15;0,188
15.01.2019 11:30;0,188
15.01.2019 11:45;0,244
15.01.2019 12:00;0,432
15.01.2019 12:15;0,384
15.01.2019 12:30;0,096
15.01.2019 12:45;0,12
15.01.2019 13:00;0,136
15.01.2019 13:15;0,124
15.01.2019 13:30;0,092
15.01.2019 13:45;0,124
15.01.2019 14:00;0,176
15.01.2019 14:15;0,128
15.01.2019 14:30;0,12
15.01.2019 14:45;0,148
15.01.2019 15:00;0,152
15.01.2019 15:15;0,088
15.01.2019 15:30;0,092
15.01.2019 15:45;0,104
15.01.2019 16:00;0,136
15.01.2019 16:15;0,092
15.01.2019 16:30;0,084
15.01.2019 16:45;0,112
15.01.2019 17:00;0,156
15.01.2019 17:15;0,132
15.01.2019 17:30;0,128
15.01.2019 17:45;0,172
15.01.2019 18:00;0,376
15.01.2019 18:15;0,592
15.01.2019 18:30;0,288
15.01.2019 18:45;0,248
15.01.2019 19:00;0,348
15.01.2019 19:15;0,26
15.01.2019 19:30;0,852
15.01.2019 19:45;2,476
15.01.2019 20:00;1,7
15.01.2019 20:15;0,488
15.01.2019 20:30;0,532
15.01.2019 20:45;0,412
15.01.2019 21:00;0,444
15.01.2019 21:15;0,34
15.01.2019 21:30;0,152
15.01.2019 21:45;0,836
15.01.2019 22:00;0,172
15.01.2019 22:15;0,088
15.01.2019 22:30;0,084
15.01.2019 22:45;0,084
15.01.2019 23:00;0,14
15.01.2019 23:15;0,112
15.01.2019 23:30;0,332
15.01.2019 23:45;0,136
16.01.2019 00:00;0,168
16.01.2019 00:15;0,184
16.01.2019 00:30;0,172
16.01.2019 00:45;0,088
16.01.2019 01:00;0,08
16.01.2019 01:15;0,108
16.01.2019 01:30;0,108
16.01.2019 01:45;0,08
16.01.2019 02:00;0,104
16.01.2019 02:15;0,124
16.01.2019 02:30;0,088
16.01.2019 02:45;0,112
16.01.2019 03:00;0,12
16.01.2019 03:15;0,172
16.01.2019 03:30;0,124
16.01.2019 03:45;0,112
16.01.2019 04:00;0,088
16.01.2019 04:15;0,14
16.01.2019 04:30;0,072
16.01.2019 04:45;0,076
16.01.2019 05:00;0,092
16.01.2019 05:15;0,128
16.01.2019 05:30;0,08
16.01.2019 05:45;0,076
16.01.2019 06:00;0,168
16.01.2019 06:15;0,8
16.01.2019 06:30;0,636
16.01.2019 06:45;0,352
16.01.2019 07:00;0,34
16.01.2019 07:15;0,324
16.01.2019 07:30;0,24
16.01.2019 07:45;0,2
16.01.2019 08:00;0,36
16.01.2019 08:15;0,116
16.01.2019 08:30;0,08
16.01.2019 08:45;0,08
16.01.2019 09:00;0,104
16.01.2019 09:15;0,152
16.01.2019 09:30;0,12
16.01.2019 09:45;0,116
16.01.2019 10:00;0,144
16.01.2019 10:15;0,156
16.01.2019 10:30;0,08
16.01.2019 10:45;0,08
16.01.2019 11:00;0,104
16.01.2019 11:15;0,12
16.01.2019 11:30;0,072
16.01.2019 11:45;0,076
16.01.2019 12:00;0,104
16.01.2019 12:15;0,12
16.01.2019 12:30;0,116
16.01.2019 12:45;0,128
16.01.2019 13:00;0,148
16.01.2019 13:15;0,168
16.01.2019 13:30;0,408
16.01.2019 13:45;0,152
16.01.2019 14:00;0,112
16.01.2019 14:15;0,128
16.01.2019 14:30;0,144
16.01.2019 14:45;0,172
16.01.2019 15:00;0,188
16.01.2019 15:15;0,2
16.01.2019 15:30;0,1
16.01.2019 15:45;0,14
16.01.2019 16:00;0,164
16.01.2019 16:15;0,172
16.01.2019 16:30;0,136
16.01.2019 16:45;0,132
16.01.2019 17:00;0,28
16.01.2019 17:15;0,668
16.01.2019 17:30;0,608
16.01.2019 17:45;0,4
16.01.2019 18:00;0,564
16.01.2019 18:15;0,512
16.01.2019 18:30;0,5
16.01.2019 18:45;0,488
16.01.2019 19:00;0,496
16.01.2019 19:15;0,452
16.01.2019 19:30;0,372
16.01.2019 19:45;0,344
16.01.2019 20:00;0,74
16.01.2019 20:15;0,664
16.01.2019 20:30;0,596
16.01.2019 20:45;0,58
16.01.2019 21:00;0,6
16.01.2019 21:15;0,616
16.01.2019 21:30;0,584
16.01.2019 21:45;0,592
16.01.2019 22:00;0,616
16.01.2019 22:15;0,604
16.01.2019 22:30;0,46
16.01.2019 22:45;0,432
16.01.2019 23:00;0,448
16.01.2019 23:15;0,232
16.01.2019 23:30;0,092
16.01.2019 23:45;0,104
17.01.2019 00:00;0,128
17.01.2019 00:15;0,184
17.01.2019 00:30;0,092
17.01.2019 00:45;0,084
17.01.2019 01:00;0,092
17.01.2019 01:15;0,128
17.01.2019 01:30;0,084
17.01.2019 01:45;0,084
17.01.2019 02:00;0,124
17.01.2019 02:15;0,18
17.01.2019 02:30;0,084
17.01.2019 02:45;0,092
17.01.2019 03:00;0,096
17.01.2019 03:15;0,132
17.01.2019 03:30;0,072
17.01.2019 03:45;0,08
17.01.2019 04:00;0,12
17.01.2019 04:15;0,18
17.01.2019 04:30;0,112
17.01.2019 04:45;0,068
17.01.2019 05:00;0,08
17.01.2019 05:15;0,14
17.01.2019 05:30;0,076
17.01.2019 05:45;0,08
17.01.2019 06:00;0,104
17.01.2019 06:15;0,172
17.01.2019 06:30;0,128
17.01.2019 06:45;0,228
17.01.2019 07:00;0,912
17.01.2019 07:15;0,348
17.01.2019 07:30;0,304
17.01.2019 07:45;0,176
17.01.2019 08:00;0,108
17.01.2019 08:15;0,176
17.01.2019 08:30;0,132
17.01.2019 08:45;0,088
17.01.2019 09:00;0,076
17.01.2019 09:15;0,132
17.01.2019 09:30;0,096
17.01.2019 09:45;0,08
17.01.2019 10:00;0,084
17.01.2019 10:15;0,168
17.01.2019 10:30;0,14
17.01.2019 10:45;0,088
17.01.2019 11:00;0,076
17.01.2019 11:15;0,124
17.01.2019 11:30;0,104
17.01.2019 11:45;0,076
17.01.2019 12:00;0,088
17.01.2019 12:15;0,156
17.01.2019 12:30;0,148
17.01.2019 12:45;0,096
17.01.2019 13:00;0,072
17.01.2019 13:15;0,116
17.01.2019 13:30;0,112
17.01.2019 13:45;0,076
17.01.2019 14:00;0,08
17.01.2019 14:15;0,156
17.01.2019 14:30;0,152
17.01.2019 14:45;0,096
17.01.2019 15:00;0,076
17.01.2019 15:15;0,108
17.01.2019 15:30;0,112
17.01.2019 15:45;0,068
17.01.2019 16:00;0,076
17.01.2019 16:15;0,176
17.01.2019 16:30;0,16
17.01.2019 16:45;0,088
17.01.2019 17:00;0,08
17.01.2019 17:15;0,108
17.01.2019 17:30;0,116
17.01.2019 17:45;0,2
17.01.2019 18:00;0,404
17.01.2019 18:15;0,976
17.01.2019 18:30;0,732
17.01.2019 18:45;2,452
17.01.2019 19:00;3,168
17.01.2019 19:15;2,012
17.01.2019 19:30;0,632
17.01.2019 19:45;0,596
17.01.2019 20:00;1,052
17.01.2019 20:15;2,6
17.01.2019 20:30;1,728
17.01.2019 20:45;0,5
17.01.2019 21:00;0,892
17.01.2019 21:15;0,404
17.01.2019 21:30;0,372
17.01.2019 21:45;0,348
17.01.2019 22:00;0,2
17.01.2019 22:15;0,12
17.01.2019 22:30;1,184
17.01.2019 22:45;0,184
17.01.2019 23:00;0,136
17.01.2019 23:15;0,128
17.01.2019 23:30;0,12
17.01.2019 23:45;0,18
18.01.2019 00:00;0,104
18.01.2019 00:15;0,072
18.01.2019 00:30;0,088
18.01.2019 00:45;0,144
18.01.2019 01:00;0,08
18.01.2019 01:15;0,084
18.01.2019 01:30;0,084
18.01.2019 01:45;0,136
18.01.2019 02:00;0,08
18.01.2019 02:15;0,088
18.01.2019 02:30;0,144
18.01.2019 02:45;0,164
18.01.2019 03:00;0,108
18.01.2019 03:15;0,12
18.01.2019 03:30;0,164
18.01.2019 03:45;0,14
18.01.2019 04:00;0,068
18.01.2019 04:15;0,08
18.01.2019 04:30;0,108
18.01.2019 04:45;0,112
18.01.2019 05:00;0,08
18.01.2019 05:15;0,08
18.01.2019 05:30;0,1
18.01.2019 05:45;0,12
18.01.2019 06:00;0,088
18.01.2019 06:15;0,328
18.01.2019 06:30;0,804
18.01.2019 06:45;0,312
18.01.2019 07:00;0,572
18.01.2019 07:15;0,3
18.01.2019 07:30;0,36
18.01.2019 07:45;0,244
18.01.2019 08:00;0,176
18.01.2019 08:15;0,408
18.01.2019 08:30;0,42
18.01.2019 08:45;0,128
18.01.2019 09:00;0,088
18.01.2019 09:15;0,108
18.01.2019 09:30;0,112
18.01.2019 09:45;0,116
18.01.2019 10:00;0,068
18.01.2019 10:15;0,112
18.01.2019 10:30;0,152
18.01.2019 10:45;0,152
18.01.2019 11:00;0,116
18.01.2019 11:15;0,112
18.01.2019 11:30;0,148
18.01.2019 11:45;0,12
18.01.2019 12:00;0,076
18.01.2019 12:15;0,08
18.01.2019 12:30;0,104
18.01.2019 12:45;0,12
18.01.2019 13:00;0,068
18.01.2019 13:15;0,076
18.01.2019 13:30;0,104
18.01.2019 13:45;0,12
18.01.2019 14:00;0,076
18.01.2019 14:15;0,112
18.01.2019 14:30;0,144
18.01.2019 14:45;0,156
18.01.2019 15:00;0,108
18.01.2019 15:15;0,116
18.01.2019 15:30;0,14
18.01.2019 15:45;0,128
18.01.2019 16:00;0,072
18.01.2019 16:15;0,068
18.01.2019 16:30;0,092
18.01.2019 16:45;0,144
18.01.2019 17:00;0,1
18.01.2019 17:15;0,396
18.01.2019 17:30;0,212
18.01.2019 17:45;0,272
18.01.2019 18:00;0,512
18.01.2019 18:15;0,244
18.01.2019 18:30;0,856
18.01.2019 18:45;3,596
18.01.2019 19:00;0,984
18.01.2019 19:15;0,652
18.01.2019 19:30;0,556
18.01.2019 19:45;0,364
18.01.2019 20:00;0,268
18.01.2019 20:15;0,284
18.01.2019 20:30;0,24
18.01.2019 20:45;0,596
18.01.2019 21:00;0,332
18.01.2019 21:15;0,332
18.01.2019 21:30;0,34
18.01.2019 21:45;0,396
18.01.2019 22:00;0,384
18.01.2019 22:15;0,36
18.01.2019 22:30;0,352
18.01.2019 22:45;0,396
18.01.2019 23:00;0,34
18.01.2019 23:15;0,164
18.01.2019 23:30;0,096
18.01.2019 23:45;0,148
19.01.2019 00:00;0,088
19.01.2019 00:15;0,08
19.01.2019 00:30;0,084
19.01.2019 00:45;0,144
19.01.2019 01:00;0,076
19.01.2019 01:15;0,08
19.01.2019 01:30;0,08
19.01.2019 01:45;0,176
19.01.2019 02:00;0,12
19.01.2019 02:15;0,116
19.01.2019 02:30;0,108
19.01.2019 02:45;0,176
19.01.2019 03:00;0,112
19.01.2019 03:15;0,076
19.01.2019 03:30;0,076
19.01.2019 03:45;0,132
19.01.2019 04:00;0,092
19.01.2019 04:15;0,068
19.01.2019 04:30;0,076
19.01.2019 04:45;0,128
19.01.2019 05:00;0,088
19.01.2019 05:15;0,08
19.01.2019 05:30;0,092
19.01.2019 05:45;0,164
19.01.2019 06:00;0,136
19.01.2019 06:15;0,14
19.01.2019 06:30;0,108
19.01.2019 06:45;0,152
19.01.2019 07:00;0,108
19.01.2019 07:15;0,204
19.01.2019 07:30;0,436
19.01.2019 07:45;0,564
19.01.2019 08:00;0,16
19.01.2019 08:15;0,084
19.01.2019 08:30;0,076
19.01.2019 08:45;0,12
19.01.2019 09:00;0,112
19.01.2019 09:15;0,076
19.01.2019 09:30;0,12
19.01.2019 09:45;0,152
19.01.2019 10:00;0,148
19.01.2019 10:15;0,112
19.01.2019 10:30;0,108
19.01.2019 10:45;0,144
19.01.2019 11:00;0,112
19.01.2019 11:15;0,076
19.01.2019 11:30;0,076
19.01.2019 11:45;0,104
19.01.2019 12:00;0,12
19.01.2019 12:15;0,068
19.01.2019 12:30;0,076
19.01.2019 12:45;0,092
19.01.2019 13:00;0,128
19.01.2019 13:15;0,084
19.01.2019 13:30;0,12
19.01.2019 13:45;0,128
19.01.2019 14:00;0,168
19.01.2019 14:15;0,112
19.01.2019 14:30;0,112
19.01.2019 14:45;0,108
19.01.2019 15:00;0,136
19.01.2019 15:15;0,068
19.01.2019 15:30;0,08
19.01.2019 15:45;0,076
19.01.2019 16:00;0,136
19.01.2019 16:15;0,08
19.01.2019 16:30;0,076
19.01.2019 16:45;0,076
19.01.2019 17:00;0,132
19.01.2019 17:15;0,108
19.01.2019 17:30;0,112
19.01.2019 17:45;0,616
19.01.2019 18:00;0,168
19.01.2019 18:15;0,336
19.01.2019 18:30;0,616
19.01.2019 18:45;0,424
19.01.2019 19:00;0,444
19.01.2019 19:15;0,34
19.01.2019 19:30;0,38
19.01.2019 19:45;0,424
19.01.2019 20:00;0,204
19.01.2019 20:15;0,52
19.01.2019 20:30;0,192
19.01.2019 20:45;0,216
19.01.2019 21:00;0,216
19.01.2019 21:15;0,256
19.01.2019 21:30;0,228
19.01.2019 21:45;0,18
19.01.2019 22:00;0,156
19.01.2019 22:15;0,16
19.01.2019 22:30;0,116
19.01.2019 22:45;0,084
19.01.2019 23:00;0,104
19.01.2019 23:15;0,124
19.01.2019 23:30;0,072
19.01.2019 23:45;0,076
20.01.2019 00:00;0,096
20.01.2019 00:15;0,132
20.01.2019 00:30;0,076
20.01.2019 00:45;0,068
20.01.2019 01:00;0,096
20.01.2019 01:15;0,176
20.01.2019 01:30;0,116
20.01.2019 01:45;0,116
20.01.2019 02:00;0,12
20.01.2019 02:15;0,176
20.01.2019 02:30;0,1
20.01.2019 02:45;0,072
20.01.2019 03:00;0,08
20.01.2019 03:15;0,132
20.01.2019 03:30;0,088
20.01.2019 03:45;0,076
20.01.2019 04:00;0,076
20.01.2019 04:15;0,132
20.01.2019 04:30;0,088
20.01.2019 04:45;0,068
20.01.2019 05:00;0,088
20.01.2019 05:15;0,184
20.01.2019 05:30;0,132
20.01.2019 05:45;0,124
20.01.2019 06:00;0,12
20.01.2019 06:15;0,164
20.01.2019 06:30;0,124
20.01.2019 06:45;0,08
20.01.2019 07:00;0,076
20.01.2019 07:15;0,284
20.01.2019 07:30;0,556
20.01.2019 07:45;0,268
20.01.2019 08:00;0,696
20.01.2019 08:15;1,516
20.01.2019 08:30;1,524
20.01.2019 08:45;0,232
20.01.2019 09:00;1,284
20.01.2019 09:15;1,016
20.01.2019 09:30;0,3
20.01.2019 09:45;0,244
20.01.2019 10:00;0,468
20.01.2019 10:15;1
20.01.2019 10:30;0,224
20.01.2019 10:45;0,156
20.01.2019 11:00;0,172
20.01.2019 11:15;0,192
20.01.2019 11:30;0,212
20.01.2019 11:45;0,148
20.01.2019 12:00;0,164
20.01.2019 12:15;0,128
20.01.2019 12:30;0,132
20.01.2019 12:45;0,076
20.01.2019 13:00;0,112
20.01.2019 13:15;0,108
20.01.2019 13:30;0,176
20.01.2019 13:45;0,116
20.01.2019 14:00;0,116
20.01.2019 14:15;0,1
20.01.2019 14:30;0,132
20.01.2019 14:45;0,084
20.01.2019 15:00;0,076
20.01.2019 15:15;0,072
20.01.2019 15:30;0,12
20.01.2019 15:45;0,096
20.01.2019 16:00;0,076
20.01.2019 16:15;0,064
20.01.2019 16:30;0,116
20.01.2019 16:45;0,108
20.01.2019 17:00;0,116
20.01.2019 17:15;0,112
20.01.2019 17:30;0,148
20.01.2019 17:45;0,14
20.01.2019 18:00;0,112
20.01.2019 18:15;0,096
20.01.2019 18:30;0,104
20.01.2019 18:45;0,104
20.01.2019 19:00;0,076
20.01.2019 19:15;0,072
20.01.2019 19:30;0,096
20.01.2019 19:45;0,172
20.01.2019 20:00;0,372
20.01.2019 20:15;0,64
20.01.2019 20:30;0,46
20.01.2019 20:45;1,048
20.01.2019 21:00;0,496
20.01.2019 21:15;0,508
20.01.2019 21:30;0,44
20.01.2019 21:45;0,504
20.01.2019 22:00;0,444
20.01.2019 22:15;0,5
20.01.2019 22:30;0,296
20.01.2019 22:45;0,264
20.01.2019 23:00;0,276
20.01.2019 23:15;0,204
20.01.2019 23:30;0,152
20.01.2019 23:45;0,1
21.01.2019 00:00;0,112
21.01.2019 00:15;0,116
21.01.2019 00:30;0,08
21.01.2019 00:45;0,072
21.01.2019 01:00;0,16
21.01.2019 01:15;0,16
21.01.2019 01:30;0,108
21.01.2019 01:45;0,112
21.01.2019 02:00;0,156
21.01.2019 02:15;0,148
21.01.2019 02:30;0,104
21.01.2019 02:45;0,092
21.01.2019 03:00;0,116
21.01.2019 03:15;0,112
21.01.2019 03:30;0,072
21.01.2019 03:45;0,072
21.01.2019 04:00;0,112
21.01.2019 04:15;0,104
21.01.2019 04:30;0,076
21.01.2019 04:45;0,076
21.01.2019 05:00;0,1
21.01.2019 05:15;0,112
21.01.2019 05:30;0,116
21.01.2019 05:45;0,116
21.01.2019 06:00;0,136
21.01.2019 06:15;0,156
21.01.2019 06:30;0,136
21.01.2019 06:45;0,932
21.01.2019 07:00;0,276
21.01.2019 07:15;0,288
21.01.2019 07:30;0,196
21.01.2019 07:45;0,172
21.01.2019 08:00;0,132
21.01.2019 08:15;0,172
21.01.2019 08:30;0,076
21.01.2019 08:45;0,076
21.01.2019 09:00;0,084
21.01.2019 09:15;0,148
21.01.2019 09:30;0,116
21.01.2019 09:45;0,116
21.01.2019 10:00;0,116
21.01.2019 10:15;0,172
21.01.2019 10:30;0,116
21.01.2019 10:45;0,112
21.01.2019 11:00;0,092
21.01.2019 11:15;0,132
21.01.2019 11:30;0,088
21.01.2019 11:45;0,084
21.01.2019 12:00;0,076
21.01.2019 12:15;0,128
21.01.2019 12:30;0,396
21.01.2019 12:45;0,128
21.01.2019 13:00;0,132
21.01.2019 13:15;0,208
21.01.2019 13:30;0,416
21.01.2019 13:45;0,336
21.01.2019 14:00;0,148
21.01.2019 14:15;0,152
21.01.2019 14:30;0,148
21.01.2019 14:45;0,108
21.01.2019 15:00;0,104
21.01.2019 15:15;0,2
21.01.2019 15:30;0,196
21.01.2019 15:45;0,132
21.01.2019 16:00;0,372
21.01.2019 16:15;0,176
21.01.2019 16:30;0,356
21.01.2019 16:45;0,34
21.01.2019 17:00;0,4
21.01.2019 17:15;0,724
21.01.2019 17:30;0,428
21.01.2019 17:45;0,216
21.01.2019 18:00;0,26
21.01.2019 18:15;0,264
21.01.2019 18:30;0,308
21.01.2019 18:45;0,22
21.01.2019 19:00;0,24
21.01.2019 19:15;0,312
21.01.2019 19:30;0,58
21.01.2019 19:45;0,304
21.01.2019 20:00;0,3
21.01.2019 20:15;0,292
21.01.2019 20:30;0,356
21.01.2019 20:45;0,7
21.01.2019 21:00;0,248
21.01.2019 21:15;0,196
21.01.2019 21:30;1,608
21.01.2019 21:45;1,056
21.01.2019 22:00;0,108
21.01.2019 22:15;0,144
21.01.2019 22:30;0,196
21.01.2019 22:45;0,168
21.01.2019 23:00;0,124
21.01.2019 23:15;0,14
21.01.2019 23:30;0,936
21.01.2019 23:45;0,136
22.01.2019 00:00;0,084
22.01.2019 00:15;0,08
22.01.2019 00:30;0,104
22.01.2019 00:45;0,116
22.01.2019 01:00;0,08
22.01.2019 01:15;0,08
22.01.2019 01:30;0,092
22.01.2019 01:45;0,128
22.01.2019 02:00;0,08
22.01.2019 02:15;0,068
22.01.2019 02:30;0,104
22.01.2019 02:45;0,172
22.01.2019 03:00;0,12
22.01.2019 03:15;0,108
22.01.2019 03:30;0,116
22.01.2019 03:45;0,164
22.01.2019 04:00;0,128
22.01.2019 04:15;0,104
22.01.2019 04:30;0,068
22.01.2019 04:45;0,132
22.01.2019 05:00;0,072
22.01.2019 05:15;0,08
22.01.2019 05:30;0,084
22.01.2019 05:45;0,12
22.01.2019 06:00;0,096
22.01.2019 06:15;0,068
22.01.2019 06:30;0,108
22.01.2019 06:45;0,688
22.01.2019 07:00;0,428
22.01.2019 07:15;0,38
22.01.2019 07:30;0,244
22.01.2019 07:45;0,268
22.01.2019 08:00;0,42
22.01.2019 08:15;0,388
22.01.2019 08:30;0,38
22.01.2019 08:45;0,276
22.01.2019 09:00;0,28
22.01.2019 09:15;0,24
22.01.2019 09:30;0,208
22.01.2019 09:45;0,168
22.01.2019 10:00;0,204
22.01.2019 10:15;0,152
22.01.2019 10:30;0,156
22.01.2019 10:45;0,16
22.01.2019 11:00;0,216
22.01.2019 11:15;0,172
22.01.2019 11:30;0,192
22.01.2019 11:45;0,192
22.01.2019 12:00;0,252
22.01.2019 12:15;0,196
22.01.2019 12:30;0,188
22.01.2019 12:45;0,188
22.01.2019 13:00;0,216
22.01.2019 13:15;0,168
22.01.2019 13:30;0,152
22.01.2019 13:45;0,156
22.01.2019 14:00;0,196
22.01.2019 14:15;0,18
22.01.2019 14:30;0,152
22.01.2019 14:45;0,152
22.01.2019 15:00;0,18
22.01.2019 15:15;0,188
22.01.2019 15:30;0,152
22.01.2019 15:45;0,188
22.01.2019 16:00;0,192
22.01.2019 16:15;0,204
22.01.2019 16:30;0,16
22.01.2019 16:45;0,16
22.01.2019 17:00;0,18
22.01.2019 17:15;0,196
22.01.2019 17:30;0,124
22.01.2019 17:45;0,12
22.01.2019 18:00;0,652
22.01.2019 18:15;0,336
22.01.2019 18:30;0,248
22.01.2019 18:45;0,168
22.01.2019 19:00;0,2
22.01.2019 19:15;0,32
22.01.2019 19:30;0,124
22.01.2019 19:45;0,18
22.01.2019 20:00;0,22
22.01.2019 20:15;0,284
22.01.2019 20:30;0,248
22.01.2019 20:45;0,232
22.01.2019 21:00;0,156
22.01.2019 21:15;0,232
22.01.2019 21:30;0,212
22.01.2019 21:45;0,492
22.01.2019 22:00;0,136
22.01.2019 22:15;0,12
22.01.2019 22:30;0,104
22.01.2019 22:45;0,088
22.01.2019 23:00;0,084
22.01.2019 23:15;0,1
22.01.2019 23:30;0,116
22.01.2019 23:45;0,076
23.01.2019 00:00;0,08
23.01.2019 00:15;0,12
23.01.2019 00:30;0,176
23.01.2019 00:45;0,128
23.01.2019 01:00;0,124
23.01.2019 01:15;0,136
23.01.2019 01:30;0,18
23.01.2019 01:45;0,112
23.01.2019 02:00;0,092
23.01.2019 02:15;0,08
23.01.2019 02:30;0,14
23.01.2019 02:45;0,088
23.01.2019 03:00;0,072
23.01.2019 03:15;0,076
23.01.2019 03:30;0,132
23.01.2019 03:45;0,088
23.01.2019 04:00;0,08
23.01.2019 04:15;0,076
23.01.2019 04:30;0,12
23.01.2019 04:45;0,148
23.01.2019 05:00;0,176
23.01.2019 05:15;0,18
23.01.2019 05:30;0,204
23.01.2019 05:45;0,208
23.01.2019 06:00;0,168
23.01.2019 06:15;0,16
23.01.2019 06:30;0,152
23.01.2019 06:45;0,184
23.01.2019 07:00;0,16
23.01.2019 07:15;0,192
23.01.2019 07:30;0,208
23.01.2019 07:45;0,744
23.01.2019 08:00;0,216
23.01.2019 08:15;0,092
23.01.2019 08:30;0,128
23.01.2019 08:45;0,172
23.01.2019 09:00;0,136
23.01.2019 09:15;0,12
23.01.2019 09:30;0,4
23.01.2019 09:45;0,168
23.01.2019 10:00;0,136
23.01.2019 10:15;0,216
23.01.2019 10:30;0,216
23.01.2019 10:45;0,232
23.01.2019 11:00;0,116
23.01.2019 11:15;0,408
23.01.2019 11:30;0,16
23.01.2019 11:45;0,184
23.01.2019 12:00;0,244
23.01.2019 12:15;0,112
23.01.2019 12:30;0,376
23.01.2019 12:45;0,104
23.01.2019 13:00;0,14
23.01.2019 13:15;0,116
23.01.2019 13:30;0,14
23.01.2019 13:45;0,148
23.01.2019 14:00;0,184
23.01.2019 14:15;0,128
23.01.2019 14:30;0,132
23.01.2019 14:45;0,14
23.01.2019 15:00;0,168
23.01.2019 15:15;0,108
23.01.2019 15:30;1,308
23.01.2019 15:45;0,092
23.01.2019 16:00;0,184
23.01.2019 16:15;0,544
23.01.2019 16:30;0,212
23.01.2019 16:45;0,208
23.01.2019 17:00;0,276
23.01.2019 17:15;0,476
23.01.2019 17:30;0,688
23.01.2019 17:45;0,488
23.01.2019 18:00;0,464
23.01.2019 18:15;0,464
23.01.2019 18:30;0,464
23.01.2019 18:45;0,452
23.01.2019 19:00;0,704
23.01.2019 19:15;2,024
23.01.2019 19:30;0,412
23.01.2019 19:45;0,564
23.01.2019 20:00;0,564
23.01.2019 20:15;1,76
23.01.2019 20:30;1,284
23.01.2019 20:45;0,4
23.01.2019 21:00;0,348
23.01.2019 21:15;0,34
23.01.2019 21:30;0,392
23.01.2019 21:45;0,416
23.01.2019 22:00;0,504
23.01.2019 22:15;0,9
23.01.2019 22:30;0,496
23.01.2019 22:45;0,488
23.01.2019 23:00;0,38
23.01.2019 23:15;0,264
23.01.2019 23:30;0,116
23.01.2019 23:45;0,124
24.01.2019 00:00;0,076
24.01.2019 00:15;0,08
24.01.2019 00:30;0,1
24.01.2019 00:45;0,116
24.01.2019 01:00;0,076
24.01.2019 01:15;0,076
24.01.2019 01:30;0,096
24.01.2019 01:45;0,152
24.01.2019 02:00;0,112
24.01.2019 02:15;0,112
24.01.2019 02:30;0,124
24.01.2019 02:45;0,172
24.01.2019 03:00;0,08
24.01.2019 03:15;0,08
24.01.2019 03:30;0,072
24.01.2019 03:45;0,136
24.01.2019 04:00;0,088
24.01.2019 04:15;0,068
24.01.2019 04:30;0,076
24.01.2019 04:45;0,124
24.01.2019 05:00;0,092
24.01.2019 05:15;0,1
24.01.2019 05:30;0,112
24.01.2019 05:45;0,148
24.01.2019 06:00;0,148
24.01.2019 06:15;0,108
24.01.2019 06:30;0,516
24.01.2019 06:45;0,428
24.01.2019 07:00;0,508
24.01.2019 07:15;0,396
24.01.2019 07:30;0,308
24.01.2019 07:45;0,404
24.01.2019 08:00;0,256
24.01.2019 08:15;0,224
24.01.2019 08:30;0,168
24.01.2019 08:45;0,132
24.01.2019 09:00;0,18
24.01.2019 09:15;0,136
24.01.2019 09:30;0,112
24.01.2019 09:45;0,112
24.01.2019 10:00;0,112
24.01.2019 10:15;0,112
24.01.2019 10:30;0,072
24.01.2019 10:45;0,076
24.01.2019 11:00;0,096
24.01.2019 11:15;0,12
24.01.2019 11:30;0,076
24.01.2019 11:45;0,068
24.01.2019 12:00;0,08
24.01.2019 12:15;0,164
24.01.2019 12:30;0,112
24.01.2019 12:45;0,104
24.01.2019 13:00;0,132
24.01.2019 13:15;0,168
24.01.2019 13:30;0,092
24.01.2019 13:45;0,064
24.01.2019 14:00;0,076
24.01.2019 14:15;0,112
24.01.2019 14:30;0,104
24.01.2019 14:45;0,084
24.01.2019 15:00;0,56
24.01.2019 15:15;0,116
24.01.2019 15:30;0,172
24.01.2019 15:45;0,244
24.01.2019 16:00;0,26
24.01.2019 16:15;0,26
24.01.2019 16:30;0,312
24.01.2019 16:45;0,248
24.01.2019 17:00;0,248
24.01.2019 17:15;0,248
24.01.2019 17:30;0,292
24.01.2019 17:45;0,276
24.01.2019 18:00;0,256
24.01.2019 18:15;0,256
24.01.2019 18:30;0,464
24.01.2019 18:45;0,484
24.01.2019 19:00;0,356
24.01.2019 19:15;0,492
24.01.2019 19:30;0,48
24.01.2019 19:45;0,468
24.01.2019 20:00;0,34
24.01.2019 20:15;0,328
24.01.2019 20:30;0,312
24.01.2019 20:45;0,38
24.01.2019 21:00;0,372
24.01.2019 21:15;0,28
24.01.2019 21:30;0,232
24.01.2019 21:45;0,152
24.01.2019 22:00;0,108
24.01.2019 22:15;0,08
24.01.2019 22:30;0,088
24.01.2019 22:45;0,152
24.01.2019 23:00;0,16
24.01.2019 23:15;0,116
24.01.2019 23:30;0,116
24.01.2019 23:45;0,112
25.01.2019 00:00;0,14
25.01.2019 00:15;0,068
25.01.2019 00:30;0,08
25.01.2019 00:45;0,076
25.01.2019 01:00;0,132
25.01.2019 01:15;0,096
25.01.2019 01:30;0,068
25.01.2019 01:45;0,076
25.01.2019 02:00;0,132
25.01.2019 02:15;0,152
25.01.2019 02:30;0,116
25.01.2019 02:45;0,108
25.01.2019 03:00;0,128
25.01.2019 03:15;0,152
25.01.2019 03:30;0,108
25.01.2019 03:45;0,068
25.01.2019 04:00;0,076
25.01.2019 04:15;0,132
25.01.2019 04:30;0,084
25.01.2019 04:45;0,08
25.01.2019 05:00;0,068
25.01.2019 05:15;0,124
25.01.2019 05:30;0,096
25.01.2019 05:45;0,576
25.01.2019 06:00;0,384
25.01.2019 06:15;0,484
25.01.2019 06:30;0,632
25.01.2019 06:45;0,372
25.01.2019 07:00;0,408
25.01.2019 07:15;0,444
25.01.2019 07:30;0,468
25.01.2019 07:45;0,3
25.01.2019 08:00;0,48
25.01.2019 08:15;0,088
25.01.2019 08:30;0,14
25.01.2019 08:45;0,092
25.01.2019 09:00;0,076
25.01.2019 09:15;0,084
25.01.2019 09:30;0,164
25.01.2019 09:45;0,148
25.01.2019 10:00;0,116
25.01.2019 10:15;0,112
25.01.2019 10:30;0,132
25.01.2019 10:45;0,112
25.01.2019 11:00;0,08
25.01.2019 11:15;0,076
25.01.2019 11:30;0,084
25.01.2019 11:45;0,136
25.01.2019 12:00;0,076
25.01.2019 12:15;0,08
25.01.2019 12:30;0,068
25.01.2019 12:45;0,148
25.01.2019 13:00;0,136
25.01.2019 13:15;0,116
25.01.2019 13:30;0,116
25.01.2019 13:45;0,388
25.01.2019 14:00;0,148
25.01.2019 14:15;0,152
25.01.2019 14:30;0,16
25.01.2019 14:45;0,192
25.01.2019 15:00;0,22
25.01.2019 15:15;0,164
25.01.2019 15:30;0,156
25.01.2019 15:45;0,144
25.01.2019 16:00;0,136
25.01.2019 16:15;0,388
25.01.2019 16:30;0,908
25.01.2019 16:45;0,36
25.01.2019 17:00;0,768
25.01.2019 17:15;0,408
25.01.2019 17:30;0,412
25.01.2019 17:45;0,444
25.01.2019 18:00;1,916
25.01.2019 18:15;1,352
25.01.2019 18:30;0,528
25.01.2019 18:45;0,588
25.01.2019 19:00;1,756
25.01.2019 19:15;0,432
25.01.2019 19:30;0,352
25.01.2019 19:45;0,388
25.01.2019 20:00;0,248
25.01.2019 20:15;0,3
25.01.2019 20:30;0,276
25.01.2019 20:45;0,288
25.01.2019 21:00;0,276
25.01.2019 21:15;0,28
25.01.2019 21:30;0,2
25.01.2019 21:45;0,204
25.01.2019 22:00;0,332
25.01.2019 22:15;0,368
25.01.2019 22:30;0,396
25.01.2019 22:45;0,248
25.01.2019 23:00;0,228
25.01.2019 23:15;0,188
25.01.2019 23:30;0,188
25.01.2019 23:45;0,1
26.01.2019 00:00;0,072
26.01.2019 00:15;0,08
26.01.2019 00:30;0,168
26.01.2019 00:45;0,14
26.01.2019 01:00;0,1
26.01.2019 01:15;0,076
26.01.2019 01:30;0,112
26.01.2019 01:45;0,116
26.01.2019 02:00;0,08
26.01.2019 02:15;0,072
26.01.2019 02:30;0,14
26.01.2019 02:45;0,168
26.01.2019 03:00;0,096
26.01.2019 03:15;0,076
26.01.2019 03:30;0,076
26.01.2019 03:45;0,14
26.01.2019 04:00;0,088
26.01.2019 04:15;0,072
26.01.2019 04:30;0,124
26.01.2019 04:45;0,152
26.01.2019 05:00;0,12
26.01.2019 05:15;0,08
26.01.2019 05:30;0,072
26.01.2019 05:45;0,1
26.01.2019 06:00;0,12
26.01.2019 06:15;0,076
26.01.2019 06:30;0,116
26.01.2019 06:45;0,136
26.01.2019 07:00;0,608
26.01.2019 07:15;0,64
26.01.2019 07:30;1,788
26.01.2019 07:45;0,804
26.01.2019 08:00;0,404
26.01.2019 08:15;0,24
26.01.2019 08:30;0,252
26.01.2019 08:45;0,516
26.01.2019 09:00;0,208
26.01.2019 09:15;0,732
26.01.2019 09:30;0,516
26.01.2019 09:45;0,18
26.01.2019 10:00;0,184
26.01.2019 10:15;0,248
26.01.2019 10:30;0,504
26.01.2019 10:45;2,136
26.01.2019 11:00;0,312
26.01.2019 11:15;0,336
26.01.2019 11:30;0,22
26.01.2019 11:45;0,084
26.01.2019 12:00;0,076
26.01.2019 12:15;0,14
26.01.2019 12:30;0,148
26.01.2019 12:45;0,104
26.01.2019 13:00;0,08
26.01.2019 13:15;0,096
26.01.2019 13:30;0,128
26.01.2019 13:45;0,08
26.01.2019 14:00;0,076
26.01.2019 14:15;0,12
26.01.2019 14:30;0,172
26.01.2019 14:45;0,108
26.01.2019 15:00;0,08
26.01.2019 15:15;0,072
26.01.2019 15:30;0,124
26.01.2019 15:45;0,18
26.01.2019 16:00;0,28
26.01.2019 16:15;0,268
26.01.2019 16:30;0,3
26.01.2019 16:45;0,276
26.01.2019 17:00;0,24
26.01.2019 17:15;0,528
26.01.2019 17:30;0,556
26.01.2019 17:45;1,112
26.01.2019 18:00;0,568
26.01.2019 18:15;0,576
26.01.2019 18:30;0,568
26.01.2019 18:45;0,468
26.01.2019 19:00;0,392
26.01.2019 19:15;0,4
26.01.2019 19:30;0,368
26.01.2019 19:45;0,292
26.01.2019 20:00;0,232
26.01.2019 20:15;0,248
26.01.2019 20:30;0,328
26.01.2019 20:45;0,34
26.01.2019 21:00;0,5
26.01.2019 21:15;0,3
26.01.2019 21:30;0,352
26.01.2019 21:45;0,384
26.01.2019 22:00;0,396
26.01.2019 22:15;0,336
26.01.2019 22:30;0,724
26.01.2019 22:45;0,352
26.01.2019 23:00;0,352
26.01.2019 23:15;0,252
26.01.2019 23:30;0,072
26.01.2019 23:45;0,144
27.01.2019 00:00;0,164
27.01.2019 00:15;0,1
27.01.2019 00:30;0,064
27.01.2019 00:45;0,104
27.01.2019 01:00;0,124
27.01.2019 01:15;0,076
27.01.2019 01:30;0,084
27.01.2019 01:45;0,132
27.01.2019 02:00;0,164
27.01.2019 02:15;0,084
27.01.2019 02:30;0,076
27.01.2019 02:45;0,096
27.01.2019 03:00;0,12
27.01.2019 03:15;0,072
27.01.2019 03:30;0,092
27.01.2019 03:45;0,116
27.01.2019 04:00;0,176
27.01.2019 04:15;0,08
27.01.2019 04:30;0,072
27.01.2019 04:45;0,076
27.01.2019 05:00;0,128
27.01.2019 05:15;0,088
27.01.2019 05:30;0,092
27.01.2019 05:45;0,116
27.01.2019 06:00;0,156
27.01.2019 06:15;0,2
27.01.2019 06:30;0,156
27.01.2019 06:45;0,548
27.01.2019 07:00;0,384
27.01.2019 07:15;0,292
27.01.2019 07:30;0,208
27.01.2019 07:45;0,244
27.01.2019 08:00;0,244
27.01.2019 08:15;0,184
27.01.2019 08:30;0,132
27.01.2019 08:45;0,124
27.01.2019 09:00;0,148
27.01.2019 09:15;0,208
27.01.2019 09:30;1,596
27.01.2019 09:45;1,292
27.01.2019 10:00;0,22
27.01.2019 10:15;0,244
27.01.2019 10:30;0,196
27.01.2019 10:45;0,14
27.01.2019 11:00;0,14
27.01.2019 11:15;0,172
27.01.2019 11:30;0,912
27.01.2019 11:45;0,528
27.01.2019 12:00;0,084
27.01.2019 12:15;0,112
27.01.2019 12:30;0,128
27.01.2019 12:45;0,08
27.01.2019 13:00;0,068
27.01.2019 13:15;0,132
27.01.2019 13:30;0,18
27.01.2019 13:45;0,104
27.01.2019 14:00;0,08
27.01.2019 14:15;0,076
27.01.2019 14:30;0,132
27.01.2019 14:45;0,092
27.01.2019 15:00;0,084
27.01.2019 15:15;0,112
27.01.2019 15:30;0,164
27.01.2019 15:45;0,112
27.01.2019 16:00;0,076
27.01.2019 16:15;0,08
27.01.2019 16:30;0,108
27.01.2019 16:45;0,564
27.01.2019 17:00;0,744
27.01.2019 17:15;0,42
27.01.2019 17:30;0,56
27.01.2019 17:45;0,768
27.01.2019 18:00;0,532
27.01.2019 18:15;0,776
27.01.2019 18:30;0,348
27.01.2019 18:45;0,368
27.01.2019 19:00;2,328
27.01.2019 19:15;2,564
27.01.2019 19:30;0,488
27.01.2019 19:45;0,492
27.01.2019 20:00;0,868
27.01.2019 20:15;1,436
27.01.2019 20:30;0,396
27.01.2019 20:45;0,408
27.01.2019 21:00;0,396
27.01.2019 21:15;0,42
27.01.2019 21:30;0,296
27.01.2019 21:45;0,584
27.01.2019 22:00;0,268
27.01.2019 22:15;0,252
27.01.2019 22:30;0,176
27.01.2019 22:45;0,224
27.01.2019 23:00;0,152
27.01.2019 23:15;0,124
27.01.2019 23:30;0,096
27.01.2019 23:45;0,144
28.01.2019 00:00;0,12
28.01.2019 00:15;0,244
28.01.2019 00:30;0,184
28.01.2019 00:45;0,168
28.01.2019 01:00;0,192
28.01.2019 01:15;0,156
28.01.2019 01:30;0,104
28.01.2019 01:45;0,084
28.01.2019 02:00;0,092
28.01.2019 02:15;0,132
28.01.2019 02:30;0,108
28.01.2019 02:45;0,124
28.01.2019 03:00;0,12
28.01.2019 03:15;0,14
28.01.2019 03:30;0,084
28.01.2019 03:45;0,08
28.01.2019 04:00;0,092
28.01.2019 04:15;0,132
28.01.2019 04:30;0,112
28.01.2019 04:45;0,12
28.01.2019 05:00;0,112
28.01.2019 05:15;0,14
28.01.2019 05:30;0,096
28.01.2019 05:45;0,136
28.01.2019 06:00;0,58
28.01.2019 06:15;0,656
28.01.2019 06:30;0,396
28.01.2019 06:45;0,44
28.01.2019 07:00;0,412
28.01.2019 07:15;0,596
28.01.2019 07:30;0,44
28.01.2019 07:45;0,176
28.01.2019 08:00;0,156
28.01.2019 08:15;0,212
28.01.2019 08:30;0,188
28.01.2019 08:45;0,184
28.01.2019 09:00;0,144
28.01.2019 09:15;0,204
28.01.2019 09:30;0,156
28.01.2019 09:45;0,148
28.01.2019 10:00;0,144
28.01.2019 10:15;0,216
28.01.2019 10:30;0,204
28.01.2019 10:45;0,172
28.01.2019 11:00;0,144
28.01.2019 11:15;0,192
28.01.2019 11:30;0,16
28.01.2019 11:45;0,148
28.01.2019 12:00;0,14
28.01.2019 12:15;0,228
28.01.2019 12:30;0,216
28.01.2019 12:45;0,156
28.01.2019 13:00;0,148
28.01.2019 13:15;0,176
28.01.2019 13:30;0,176
28.01.2019 13:45;0,148
28.01.2019 14:00;0,16
28.01.2019 14:15;0,212
28.01.2019 14:30;0,224
28.01.2019 14:45;0,144
28.01.2019 15:00;0,148
28.01.2019 15:15;0,164
28.01.2019 15:30;0,188
28.01.2019 15:45;0,144
28.01.2019 16:00;0,184
28.01.2019 16:15;0,204
28.01.2019 16:30;0,216
28.01.2019 16:45;0,144
28.01.2019 17:00;0,144
28.01.2019 17:15;0,152
28.01.2019 17:30;0,928
28.01.2019 17:45;0,376
28.01.2019 18:00;0,492
28.01.2019 18:15;0,588
28.01.2019 18:30;0,424
28.01.2019 18:45;0,348
28.01.2019 19:00;0,412
28.01.2019 19:15;0,312
28.01.2019 19:30;0,552
28.01.2019 19:45;0,368
28.01.2019 20:00;0,272
28.01.2019 20:15;0,256
28.01.2019 20:30;0,296
28.01.2019 20:45;0,324
28.01.2019 21:00;0,288
28.01.2019 21:15;0,36
28.01.2019 21:30;0,376
28.01.2019 21:45;0,32
28.01.2019 22:00;0,12
28.01.2019 22:15;0,12
28.01.2019 22:30;0,156
28.01.2019 22:45;0,144
28.01.2019 23:00;0,1
28.01.2019 23:15;0,272
28.01.2019 23:30;0,116
28.01.2019 23:45;0,172
29.01.2019 00:00;0,132
29.01.2019 00:15;0,124
29.01.2019 00:30;0,128
29.01.2019 00:45;0,132
29.01.2019 01:00;0,084
29.01.2019 01:15;0,084
29.01.2019 01:30;0,092
29.01.2019 01:45;0,144
29.01.2019 02:00;0,076
29.01.2019 02:15;0,104
29.01.2019 02:30;0,124
29.01.2019 02:45;0,184
29.01.2019 03:00;0,128
29.01.2019 03:15;0,084
29.01.2019 03:30;0,104
29.01.2019 03:45;0,136
29.01.2019 04:00;0,1
29.01.2019 04:15;0,084
29.01.2019 04:30;0,072
29.01.2019 04:45;0,132
29.01.2019 05:00;0,136
29.01.2019 05:15;0,152
29.01.2019 05:30;0,616
29.01.2019 05:45;0,268
29.01.2019 06:00;0,328
29.01.2019 06:15;0,344
29.01.2019 06:30;0,444
29.01.2019 06:45;0,384
29.01.2019 07:00;0,188
29.01.2019 07:15;0,492
29.01.2019 07:30;0,176
29.01.2019 07:45;0,24
29.01.2019 08:00;0,264
29.01.2019 08:15;0,212
29.01.2019 08:30;0,156
29.01.2019 08:45;0,14
29.01.2019 09:00;0,152
29.01.2019 09:15;0,084
29.01.2019 09:30;0,076
29.01.2019 09:45;0,092
29.01.2019 10:00;0,144
29.01.2019 10:15;0,124
29.01.2019 10:30;1,792
29.01.2019 10:45;1,496
29.01.2019 11:00;0,172
29.01.2019 11:15;0,092
29.01.2019 11:30;0,084
29.01.2019 11:45;0,08
29.01.2019 12:00;0,136
29.01.2019 12:15;0,088
29.01.2019 12:30;0,08
29.01.2019 12:45;0,132
29.01.2019 13:00;0,164
29.01.2019 13:15;0,132
29.01.2019 13:30;0,12
29.01.2019 13:45;0,088
29.01.2019 14:00;0,124
29.01.2019 14:15;0,108
29.01.2019 14:30;0,084
29.01.2019 14:45;0,08
29.01.2019 15:00;0,116
29.01.2019 15:15;0,108
29.01.2019 15:30;0,128
29.01.2019 15:45;0,116
29.01.2019 16:00;0,144
29.01.2019 16:15;0,86
29.01.2019 16:30;0,088
29.01.2019 16:45;0,132
29.01.2019 17:00;0,56
29.01.2019 17:15;1,756
29.01.2019 17:30;1
29.01.2019 17:45;0,256
29.01.2019 18:00;0,344
29.01.2019 18:15;0,42
29.01.2019 18:30;0,356
29.01.2019 18:45;0,788
29.01.2019 19:00;0,552
29.01.2019 19:15;0,612
29.01.2019 19:30;0,272
29.01.2019 19:45;0,52
29.01.2019 20:00;0,732
29.01.2019 20:15;0,348
29.01.2019 20:30;0,38
29.01.2019 20:45;0,32
29.01.2019 21:00;0,224
29.01.2019 21:15;0,28
29.01.2019 21:30;0,232
29.01.2019 21:45;0,2
29.01.2019 22:00;0,308
29.01.2019 22:15;0,356
29.01.2019 22:30;0,316
29.01.2019 22:45;0,288
29.01.2019 23:00;0,232
29.01.2019 23:15;0,156
29.01.2019 23:30;0,184
29.01.2019 23:45;0,124
30.01.2019 00:00;0,096
30.01.2019 00:15;0,108
30.01.2019 00:30;0,132
30.01.2019 00:45;0,096
30.01.2019 01:00;0,1
30.01.2019 01:15;0,084
30.01.2019 01:30;0,14
30.01.2019 01:45;0,132
30.01.2019 02:00;0,128
30.01.2019 02:15;0,124
30.01.2019 02:30;0,16
30.01.2019 02:45;0,084
30.01.2019 03:00;0,088
30.01.2019 03:15;0,084
30.01.2019 03:30;0,128
30.01.2019 03:45;0,108
30.01.2019 04:00;0,08
30.01.2019 04:15;0,108
30.01.2019 04:30;0,168
30.01.2019 04:45;0,136
30.01.2019 05:00;0,12
30.01.2019 05:15;0,084
30.01.2019 05:30;0,112
30.01.2019 05:45;0,12
30.01.2019 06:00;0,096
30.01.2019 06:15;0,144
30.01.2019 06:30;0,596
30.01.2019 06:45;0,324
30.01.2019 07:00;0,336
30.01.2019 07:15;0,324
30.01.2019 07:30;0,26
30.01.2019 07:45;0,252
30.01.2019 08:00;0,136
30.01.2019 08:15;0,264
30.01.2019 08:30;0,076
30.01.2019 08:45;0,14
30.01.2019 09:00;0,092
30.01.2019 09:15;0,08
30.01.2019 09:30;0,092
30.01.2019 09:45;0,624
30.01.2019 10:00;0,352
30.01.2019 10:15;0,128
30.01.2019 10:30;0,096
30.01.2019 10:45;0,124
30.01.2019 11:00;0,108
30.01.2019 11:15;0,084
30.01.2019 11:30;0,152
30.01.2019 11:45;0,58
30.01.2019 12:00;0,22
30.01.2019 12:15;0,116
30.01.2019 12:30;0,124
30.01.2019 12:45;0,144
30.01.2019 13:00;0,164
30.01.2019 13:15;0,088
30.01.2019 13:30;0,084
30.01.2019 13:45;0,44
30.01.2019 14:00;0,14
30.01.2019 14:15;0,076
30.01.2019 14:30;0,112
30.01.2019 14:45;0,096
30.01.2019 15:00;0,176
30.01.2019 15:15;0,816
30.01.2019 15:30;0,672
30.01.2019 15:45;1,156
30.01.2019 16:00;0,464
30.01.2019 16:15;0,212
30.01.2019 16:30;0,736
30.01.2019 16:45;1,18
30.01.2019 17:00;0,636
30.01.2019 17:15;0,564
30.01.2019 17:30;1,016
30.01.2019 17:45;0,956
30.01.2019 18:00;0,552
30.01.2019 18:15;0,532
30.01.2019 18:30;0,864
30.01.2019 18:45;0,392
30.01.2019 19:00;0,364
30.01.2019 19:15;0,408
30.01.2019 19:30;0,324
30.01.2019 19:45;0,32
30.01.2019 20:00;0,368
30.01.2019 20:15;0,38
30.01.2019 20:30;0,296
30.01.2019 20:45;0,34
30.01.2019 21:00;0,252
30.01.2019 21:15;0,18
30.01.2019 21:30;0,096
30.01.2019 21:45;0,088
30.01.2019 22:00;0,084
30.01.2019 22:15;0,14
30.01.2019 22:30;0,108
30.01.2019 22:45;0,268
30.01.2019 23:00;0,204
30.01.2019 23:15;0,168
30.01.2019 23:30;0,112
30.01.2019 23:45;0,084
31.01.2019 00:00;0,088
31.01.2019 00:15;0,112
31.01.2019 00:30;0,12
31.01.2019 00:45;0,084
31.01.2019 01:00;0,084
31.01.2019 01:15;0,132
31.01.2019 01:30;0,264
31.01.2019 01:45;0,212
31.01.2019 02:00;0,132
31.01.2019 02:15;0,14
31.01.2019 02:30;0,16
31.01.2019 02:45;0,148
31.01.2019 03:00;0,072
31.01.2019 03:15;0,076
31.01.2019 03:30;0,14
31.01.2019 03:45;0,132
31.01.2019 04:00;0,116
31.01.2019 04:15;0,124
31.01.2019 04:30;0,176
31.01.2019 04:45;0,096
31.01.2019 05:00;0,084
31.01.2019 05:15;0,076
31.01.2019 05:30;0,144
31.01.2019 05:45;0,092
31.01.2019 06:00;0,096
31.01.2019 06:15;0,196
31.01.2019 06:30;0,6
31.01.2019 06:45;1,396
31.01.2019 07:00;1,608
31.01.2019 07:15;0,892
31.01.2019 07:30;0,484
31.01.2019 07:45;0,296
31.01.2019 08:00;0,116
31.01.2019 08:15;0,104
31.01.2019 08:30;0,156
31.01.2019 08:45;0,988
31.01.2019 09:00;0,116
31.01.2019 09:15;0,128
31.01.2019 09:30;0,18
31.01.2019 09:45;0,128
31.01.2019 10:00;0,08
31.01.2019 10:15;0,084
31.01.2019 10:30;0,132
31.01.2019 10:45;0,1
31.01.2019 11:00;0,072
31.01.2019 11:15;0,084
31.01.2019 11:30;0,144
31.01.2019 11:45;0,148
31.01.2019 12:00;0,12
31.01.2019 12:15;0,116
31.01.2019 12:30;0,132
31.01.2019 12:45;0,104
31.01.2019 13:00;0,084
31.01.2019 13:15;0,076
31.01.2019 13:30;2,412
31.01.2019 13:45;1,216
31.01.2019 14:00;0,148
31.01.2019 14:15;0,128
31.01.2019 14:30;0,148
31.01.2019 14:45;0,244
31.01.2019 15:00;0,084
31.01.2019 15:15;0,076
31.01.2019 15:30;0,092
31.01.2019 15:45;0,136
31.01.2019 16:00;0,076
31.01.2019 16:15;0,124
31.01.2019 16:30;0,152
31.01.2019 16:45;0,168
31.01.2019 17:00;0,684
31.01.2019 17:15;0,452
31.01.2019 17:30;0,248
31.01.2019 17:45;0,38
31.01.2019 18:00;0,36
31.01.2019 18:15;0,308
31.01.2019 18:30;0,324
31.01.2019 18:45;0,388
31.01.2019 19:00;0,984
31.01.2019 19:15;1,748
31.01.2019 19:30;0,868
31.01.2019 19:45;0,288
31.01.2019 20:00;0,304
31.01.2019 20:15;0,132
31.01.2019 20:30;0,148
31.01.2019 20:45;0,208
31.01.2019 21:00;0,8
31.01.2019 21:15;0,224
31.01.2019 21:30;0,212
31.01.2019 21:45;0,26
31.01.2019 22:00;0,188
31.01.2019 22:15;0,108
31.01.2019 22:30;0,08
31.01.2019 22:45;0,088
31.01.2019 23:00;0,14
31.01.2019 23:15;0,072
31.01.2019 23:30;0,096
31.01.2019 23:45;0,124
